Grupo,Dosis,2021-02-15,2021-02-16,2021-02-17,2021-02-18,2021-02-19,2021-02-20,2021-02-21,2021-03-07,2021-03-08,2021-03-09,2021-03-10,2021-03-11,2021-03-12,2021-03-13,2021-03-14,2021-03-15,2021-03-16,2021-03-17,2021-03-18,2021-03-19,2021-03-20,2021-03-21,2021-03-22,2021-03-23,2021-03-24,2021-03-25,2021-03-26,2021-03-27,2021-03-28,2021-03-29,2021-03-30,2021-03-31,2021-04-01,2021-04-02,2021-04-03,2021-04-04,2021-04-05,2021-04-06,2021-04-07,2021-04-08,2021-04-09,2021-04-10,2021-04-11,2021-04-12,2021-04-13,2021-04-14,2021-04-15,2021-04-16,2021-04-17,2021-04-18,2021-04-19,2021-04-20,2021-04-21,2021-04-22,2021-04-23,2021-04-24,2021-04-25,2021-04-26,2021-04-27,2021-04-28,2021-04-29,2021-04-30,2021-05-01,2021-05-02,2021-05-03,2021-05-04,2021-05-05,2021-05-06,2021-05-07,2021-05-08,2021-05-09,2021-05-10,2021-05-11,2021-05-12,2021-05-13,2021-05-14,2021-05-15,2021-05-16,2021-05-17,2021-05-18,2021-05-19,2021-05-20,2021-05-21,2021-05-22,2021-05-23,2021-05-24,2021-05-25,2021-05-26,2021-05-27,2021-05-28,2021-05-29,2021-05-30,2021-05-31,2021-06-01,2021-06-02,2021-06-03,2021-06-04,2021-06-05,2021-06-06
Total,Primera,2092453.0,2320697.0,2320697.0,2320697.0,2320697.0,2320697.0,2320697.0,4049948.0,4175743.0,4225248.0,4451441.0,4617701.0,4773003.0,4803999.0,4808176.0,4953332.0,5119043.0,5272265.0,5421370.0,5564091.0,5593472.0,5597775.0,5736101.0,5885862.0,5944644.0,6196499.0,6361164.0,6379814.0,6381030.0,6527318.0,6660643.0,6788099.0,6920774.0,6929366.0,6931713.0,6933000.0,7009799.0,7103363.0,7136069.0,7136069.0,7275177.0,7345524.0,7359994.0,7361627.0,7435310.0,7511761.0,7590158.0,7653091.0,7653091.0,7722640.0,7723821.0,7766571.0,7805964.0,7837860.0,7893611.0,7934563.0,7941655.0,7942192.0,7983813.0,8022472.0,8051304.0,8081566.0,8131666.0,8133859.0,8134826.0,8210213.0,8289896.0,8370419.0,8452358.0,8452358.0,8554912.0,8556249.0,8655264.0,8761820.0,8865561.0,9001739.0,9064559.0,9068799.0,9069398.0,9188135.0,9322770.0,9446647.0,9571830.0,9571830.0,9609552.0,9614006.0,9778452.0,9967311.0,10143887.0,10310718.0,10457221.0,10502509.0,10512214.0,10661877.0,10802205.0,10913320.0,10971085.0,11013478.0,11029097.0
Total,Segunda,54819.0,55028.0,55028.0,55028.0,55028.0,55028.0,55028.0,574628.0,772389.0,864070.0,1270251.0,1515874.0,1742245.0,1776944.0,1782612.0,2040277.0,2287234.0,2504896.0,2692869.0,2850908.0,2867387.0,2869707.0,2986007.0,3078624.0,3104999.0,3201359.0,3253251.0,3258052.0,3258557.0,3370339.0,3513118.0,3665700.0,3832057.0,3843377.0,3845206.0,3846020.0,4042345.0,4191963.0,4251663.0,4251663.0,4493499.0,4642503.0,4661691.0,4663990.0,4814265.0,4974000.0,5124229.0,5267705.0,5267705.0,5423602.0,5426188.0,5571786.0,5723281.0,5869783.0,6013115.0,6158222.0,6173383.0,6174555.0,6323931.0,6456818.0,6569794.0,6693685.0,6733872.0,6736309.0,6737195.0,6811882.0,6900294.0,6993119.0,7069881.0,7069881.0,7143983.0,7144579.0,7211464.0,7296367.0,7374460.0,7460009.0,7491628.0,7493430.0,7493842.0,7539001.0,7586539.0,7627696.0,7689720.0,7689720.0,7698792.0,7699487.0,7758120.0,7814899.0,7861153.0,7897271.0,7938497.0,7945361.0,7946466.0,8003595.0,8074064.0,8145756.0,8214195.0,8282663.0,8296967.0
Desconocido,Primera,67.0,2.0,,,,,,,,,,,,,,,,,,,,,,,,,,,,,,,,,,,,,,,,,,,,,,,,,,,,,,,,,,,,,,,,,,,,,,,,,,,,,,,,,,,,,,,,,,,,,,,,,
Desconocido,Segunda,41.0,0.0,,,,,,,,,,,,,,,,,,,,,,,,,,,,,,,,,,,,,,,,,,,,,,,,,,,,,,,,,,,,,,,,,,,,,,,,,,,,,,,,,,,,,,,,,,,,,,,,,
Personal de salud,Primera,485475.0,500615.0,500615.0,500615.0,500615.0,500615.0,500615.0,,,,,,,,,,,,,,,,,,,,,,,,,,,,,,,,,,,,,,,,,,,,,,,,,,,,,,,,,,,,,,,,,,,,,,,,,,,,,,,,,,,,,,,,,,,,
Personal de salud,Segunda,53832.0,53912.0,53912.0,53912.0,53912.0,53912.0,53912.0,,,,,,,,,,,,,,,,,,,,,,,,,,,,,,,,,,,,,,,,,,,,,,,,,,,,,,,,,,,,,,,,,,,,,,,,,,,,,,,,,,,,,,,,,,,,
Personas en centros cerrados,Primera,33075.0,34811.0,34811.0,34811.0,34811.0,34811.0,34811.0,,,,,,,,,,,,,,,,,,,,,,,,,,,,,,,,,,,,,,,,,,,,,,,,,,,,,,,,,,,,,,,,,,,,,,,,,,,,,,,,,,,,,,,,,,,,
Personas en centros cerrados,Segunda,931.0,1050.0,1050.0,1050.0,1050.0,1050.0,1050.0,,,,,,,,,,,,,,,,,,,,,,,,,,,,,,,,,,,,,,,,,,,,,,,,,,,,,,,,,,,,,,,,,,,,,,,,,,,,,,,,,,,,,,,,,,,,
Personas Servicios esenciales del estado,Primera,191449.0,220163.0,220163.0,220163.0,220163.0,220163.0,220163.0,,,,,,,,,,,,,,,,,,,,,,,,,,,,,,,,,,,,,,,,,,,,,,,,,,,,,,,,,,,,,,,,,,,,,,,,,,,,,,,,,,,,,,,,,,,,
Personas Servicios esenciales del estado,Segunda,15.0,61.0,61.0,61.0,61.0,61.0,61.0,,,,,,,,,,,,,,,,,,,,,,,,,,,,,,,,,,,,,,,,,,,,,,,,,,,,,,,,,,,,,,,,,,,,,,,,,,,,,,,,,,,,,,,,,,,,
Personas Servicios infraestructura crítica,Primera,42699.0,68926.0,68926.0,68926.0,68926.0,68926.0,68926.0,,,,,,,,,,,,,,,,,,,,,,,,,,,,,,,,,,,,,,,,,,,,,,,,,,,,,,,,,,,,,,,,,,,,,,,,,,,,,,,,,,,,,,,,,,,,
Personas Servicios infraestructura crítica,Segunda,0.0,5.0,5.0,5.0,5.0,5.0,5.0,,,,,,,,,,,,,,,,,,,,,,,,,,,,,,,,,,,,,,,,,,,,,,,,,,,,,,,,,,,,,,,,,,,,,,,,,,,,,,,,,,,,,,,,,,,,
Población Sana,Primera,28298.0,32417.0,32417.0,32417.0,32417.0,32417.0,32417.0,,,,,,,,,,,,,,,,,,,,,,,,,,,,,,,,,,,,,,,,,,,,,,,,,,,,,,,,,,,,,,,,,,,,,,,,,,,,,,,,,,,,,,,,,,,,
Población Sana,Segunda,0.0,0.0,0.0,0.0,0.0,0.0,0.0,,,,,,,,,,,,,,,,,,,,,,,,,,,,,,,,,,,,,,,,,,,,,,,,,,,,,,,,,,,,,,,,,,,,,,,,,,,,,,,,,,,,,,,,,,,,
Población vulnerable,Primera,1311390.0,1463765.0,1463765.0,1463765.0,1463765.0,1463765.0,1463765.0,,,,,,,,,,,,,,,,,,,,,,,,,,,,,,,,,,,,,,,,,,,,,,,,,,,,,,,,,,,,,,,,,,,,,,,,,,,,,,,,,,,,,,,,,,,,
Población vulnerable,Segunda,0.0,0.0,0.0,0.0,0.0,0.0,0.0,,,,,,,,,,,,,,,,,,,,,,,,,,,,,,,,,,,,,,,,,,,,,,,,,,,,,,,,,,,,,,,,,,,,,,,,,,,,,,,,,,,,,,,,,,,,
Adm. apoyo no clinico FFAA y de orden,Primera,,,,,,,,4154.0,4202.0,4232.0,4301.0,4341.0,4449.0,4458.0,4458.0,4505.0,4552.0,4625.0,4676.0,4720.0,4723.0,4727.0,4760.0,4780.0,4790.0,4843.0,4953.0,4971.0,4971.0,4991.0,5013.0,5021.0,5035.0,5094.0,5095.0,5095.0,5110.0,5135.0,5136.0,5136.0,5160.0,5162.0,5163.0,5164.0,5174.0,5181.0,5193.0,5204.0,5204.0,5217.0,5217.0,5221.0,5230.0,5232.0,5237.0,5241.0,5241.0,5241.0,5258.0,5265.0,5259.0,5261.0,5270.0,5270.0,5270.0,5273.0,5275.0,5282.0,5286.0,5286.0,5292.0,5292.0,5297.0,5308.0,5316.0,5321.0,5324.0,5324.0,5324.0,5331.0,5341.0,5347.0,5353.0,5353.0,5355.0,5355.0,5362.0,5371.0,5377.0,5392.0,5401.0,5405.0,5405.0,5415.0,5425.0,5434.0,5436.0,5436.0,5439.0
Adm. apoyo no clinico FFAA y de orden,Segunda,,,,,,,,844.0,1311.0,1492.0,2097.0,2378.0,2583.0,2611.0,2613.0,2803.0,2963.0,3121.0,3251.0,3359.0,3365.0,3365.0,3447.0,3512.0,3541.0,3633.0,3676.0,3679.0,3679.0,3749.0,3872.0,3943.0,4015.0,4016.0,4017.0,4017.0,4082.0,4134.0,4161.0,4161.0,4252.0,4361.0,4364.0,4364.0,4410.0,4463.0,4526.0,4581.0,4581.0,4627.0,4627.0,4665.0,4692.0,4730.0,4773.0,4851.0,4906.0,4906.0,4949.0,4972.0,4979.0,4993.0,5003.0,5003.0,5003.0,5015.0,5039.0,5048.0,5061.0,5061.0,5068.0,5068.0,5080.0,5094.0,5105.0,5118.0,5123.0,5124.0,5126.0,5130.0,5142.0,5149.0,5157.0,5157.0,5157.0,5157.0,5161.0,5175.0,5184.0,5186.0,5198.0,5200.0,5200.0,5207.0,5214.0,5222.0,5229.0,5236.0,5239.0
Administrativo de apoyo no clinico sector privado,Primera,,,,,,,,21442.0,21617.0,21677.0,22031.0,22305.0,22560.0,22596.0,22599.0,22836.0,23112.0,23424.0,23632.0,23934.0,23965.0,23969.0,24171.0,24375.0,24463.0,24866.0,25057.0,25072.0,25074.0,25179.0,25295.0,25427.0,25545.0,25554.0,25556.0,25556.0,25653.0,25711.0,25731.0,25731.0,25850.0,25913.0,25922.0,25922.0,25985.0,26074.0,26164.0,26224.0,26224.0,26298.0,26300.0,26359.0,26395.0,26428.0,26462.0,26496.0,26501.0,26501.0,26529.0,26564.0,26586.0,26600.0,26623.0,26623.0,26623.0,26637.0,26663.0,26695.0,26723.0,26723.0,26755.0,26755.0,26772.0,26784.0,26853.0,26917.0,26925.0,26925.0,26925.0,26938.0,26954.0,26985.0,27010.0,27010.0,27016.0,27019.0,27052.0,27080.0,27143.0,27196.0,27215.0,27222.0,27222.0,27245.0,27259.0,27287.0,27299.0,27314.0,27315.0
Administrativo de apoyo no clinico sector privado,Segunda,,,,,,,,4977.0,6040.0,6679.0,9095.0,10595.0,11921.0,12292.0,12301.0,13379.0,14489.0,15468.0,16228.0,17275.0,17546.0,17558.0,18129.0,18857.0,18997.0,19440.0,19702.0,19714.0,19714.0,19925.0,20196.0,20408.0,20702.0,20721.0,20721.0,20722.0,20995.0,21237.0,21327.0,21327.0,21732.0,21978.0,22008.0,22009.0,22228.0,22464.0,22729.0,23032.0,23032.0,23353.0,23357.0,23558.0,23772.0,24006.0,24239.0,24412.0,24426.0,24428.0,24560.0,24682.0,24811.0,24917.0,24962.0,24966.0,24966.0,25040.0,25113.0,25186.0,25263.0,25263.0,25346.0,25346.0,25399.0,25462.0,25548.0,25645.0,25697.0,25697.0,25705.0,25760.0,25809.0,25843.0,25898.0,25898.0,25901.0,25903.0,25957.0,26002.0,26056.0,26093.0,26139.0,26146.0,26148.0,26179.0,26210.0,26247.0,26344.0,26405.0,26412.0
Administrativo de apoyo no clinico sector público,Primera,,,,,,,,26104.0,26362.0,26429.0,26781.0,27037.0,27250.0,27265.0,27269.0,27503.0,27754.0,27978.0,28207.0,28420.0,28452.0,28453.0,28647.0,28838.0,28896.0,29179.0,29383.0,29392.0,29393.0,29532.0,29675.0,29781.0,29900.0,29908.0,29911.0,29911.0,30028.0,30140.0,30158.0,30158.0,30264.0,30357.0,30374.0,30374.0,30543.0,30766.0,30930.0,31144.0,31144.0,31239.0,31239.0,31283.0,31329.0,31366.0,31399.0,31443.0,31446.0,31446.0,31480.0,31517.0,31532.0,31555.0,31583.0,31584.0,31587.0,31618.0,31655.0,31679.0,31715.0,31715.0,31753.0,31753.0,31784.0,31818.0,31858.0,31893.0,31907.0,31907.0,31907.0,31930.0,31973.0,31989.0,32007.0,32007.0,32011.0,32012.0,32065.0,32113.0,32160.0,32187.0,32212.0,32214.0,32214.0,32227.0,32240.0,32262.0,32274.0,32285.0,32287.0
Administrativo de apoyo no clinico sector público,Segunda,,,,,,,,7147.0,8863.0,9826.0,12847.0,15058.0,16558.0,16941.0,16990.0,18192.0,19540.0,20540.0,21618.0,22317.0,22396.0,22405.0,22881.0,23313.0,23433.0,23755.0,24012.0,24037.0,24038.0,24274.0,24533.0,24794.0,25066.0,25089.0,25093.0,25093.0,25497.0,25775.0,25881.0,25881.0,26271.0,26485.0,26512.0,26516.0,26771.0,27022.0,27251.0,27438.0,27438.0,27700.0,27700.0,27904.0,28106.0,28304.0,28475.0,28638.0,28650.0,28651.0,28812.0,28961.0,29077.0,29199.0,29248.0,29249.0,29249.0,29350.0,29439.0,29526.0,29593.0,29593.0,29688.0,29688.0,29824.0,30039.0,30216.0,30446.0,30501.0,30502.0,30503.0,30556.0,30621.0,30671.0,30731.0,30731.0,30739.0,30740.0,30818.0,30885.0,30930.0,30971.0,31018.0,31020.0,31022.0,31060.0,31113.0,31152.0,31184.0,31231.0,31238.0
Alumnos en práctica sector público,Primera,,,,,,,,15182.0,15435.0,15545.0,16126.0,16428.0,16793.0,16853.0,16868.0,17224.0,17605.0,18011.0,18423.0,18868.0,18936.0,18943.0,19435.0,19865.0,19964.0,20584.0,21137.0,21190.0,21191.0,21549.0,21926.0,22258.0,22933.0,22964.0,22965.0,22970.0,23307.0,23608.0,23690.0,23690.0,24308.0,24669.0,24694.0,24700.0,24985.0,25278.0,25538.0,25761.0,25761.0,26054.0,26056.0,26215.0,26347.0,26469.0,26570.0,26684.0,26823.0,26823.0,26933.0,27081.0,27137.0,27216.0,27302.0,27305.0,27306.0,27428.0,27590.0,27703.0,27947.0,27947.0,28212.0,28255.0,28438.0,28617.0,28767.0,28966.0,29085.0,29089.0,29090.0,29226.0,29362.0,29528.0,29900.0,29900.0,29969.0,29967.0,30112.0,30222.0,30321.0,30413.0,30492.0,30505.0,30507.0,30593.0,30646.0,30683.0,30718.0,30743.0,30750.0
Alumnos en práctica sector público,Segunda,,,,,,,,6617.0,7700.0,7914.0,9035.0,9589.0,10029.0,10094.0,10106.0,10698.0,11265.0,11643.0,12015.0,12293.0,12315.0,12318.0,12551.0,12730.0,12773.0,12980.0,13092.0,13094.0,13094.0,13251.0,13448.0,13869.0,14343.0,14366.0,14369.0,14372.0,15024.0,15430.0,15529.0,15529.0,16031.0,16426.0,16460.0,16466.0,16808.0,17198.0,17604.0,18003.0,18003.0,18508.0,18513.0,18972.0,19397.0,19777.0,20124.0,20565.0,20595.0,20595.0,21005.0,21398.0,21726.0,22288.0,22464.0,22466.0,22468.0,22755.0,23046.0,23353.0,23693.0,23693.0,24035.0,24037.0,24306.0,24614.0,24945.0,25246.0,25393.0,25400.0,25400.0,25593.0,25772.0,25921.0,26081.0,26081.0,26144.0,26146.0,26328.0,26536.0,26672.0,26786.0,26880.0,26978.0,27000.0,27105.0,27259.0,27404.0,27512.0,27636.0,27666.0
"Alumnos en práctica, sector privado",Primera,,,,,,,,9063.0,9300.0,9368.0,9707.0,9887.0,10072.0,10112.0,10114.0,10283.0,10515.0,10832.0,11115.0,11406.0,11460.0,11480.0,11740.0,11982.0,12069.0,12478.0,12775.0,12804.0,12807.0,12956.0,13105.0,13315.0,13502.0,13512.0,13515.0,13517.0,13661.0,13785.0,13811.0,13811.0,14032.0,14171.0,14198.0,14204.0,14291.0,14432.0,14528.0,14635.0,14635.0,14778.0,14778.0,14827.0,14883.0,14932.0,14979.0,15028.0,15071.0,15071.0,15114.0,15160.0,15226.0,15255.0,15298.0,15298.0,15298.0,15332.0,15362.0,15398.0,15442.0,15442.0,15493.0,15495.0,15535.0,15582.0,15629.0,15698.0,15746.0,15747.0,15747.0,15783.0,15835.0,15883.0,15951.0,15951.0,15966.0,15971.0,16021.0,16071.0,16101.0,16139.0,16174.0,16182.0,16183.0,16209.0,16233.0,16245.0,16264.0,16272.0,16272.0
"Alumnos en práctica, sector privado",Segunda,,,,,,,,3011.0,3483.0,3635.0,4378.0,4798.0,5160.0,5247.0,5252.0,5544.0,5806.0,6034.0,6281.0,6497.0,6518.0,6519.0,6658.0,6812.0,6869.0,7132.0,7333.0,7342.0,7343.0,7447.0,7680.0,8066.0,8502.0,8524.0,8526.0,8531.0,9017.0,9258.0,9333.0,9333.0,9619.0,9837.0,9861.0,9863.0,10041.0,10269.0,10556.0,10831.0,10831.0,11147.0,11159.0,11455.0,11712.0,11955.0,12185.0,12440.0,12474.0,12477.0,12671.0,12851.0,13034.0,13214.0,13260.0,13261.0,13263.0,13384.0,13510.0,13625.0,13740.0,13740.0,13886.0,13888.0,13982.0,14128.0,14223.0,14364.0,14434.0,14438.0,14438.0,14506.0,14582.0,14648.0,14717.0,14717.0,14741.0,14742.0,14810.0,14892.0,14976.0,15021.0,15067.0,15073.0,15076.0,15112.0,15158.0,15201.0,15247.0,15296.0,15304.0
FFAA y de orden,Primera,,,,,,,,23008.0,23166.0,23253.0,23558.0,23988.0,24013.0,24053.0,24058.0,24223.0,24352.0,24574.0,25124.0,25442.0,25480.0,25481.0,25586.0,25660.0,25698.0,25819.0,25933.0,25988.0,25989.0,26044.0,26086.0,26139.0,26193.0,26194.0,26196.0,26196.0,26245.0,26335.0,26340.0,26340.0,26446.0,26480.0,26485.0,26485.0,26516.0,26544.0,26585.0,26623.0,26623.0,26647.0,26647.0,26663.0,26685.0,26701.0,26735.0,26748.0,26750.0,26749.0,26757.0,26765.0,26740.0,26742.0,26825.0,26825.0,26825.0,26771.0,26790.0,26876.0,27105.0,27105.0,27140.0,27140.0,27153.0,27168.0,27184.0,27204.0,27210.0,27210.0,27210.0,27222.0,27241.0,27255.0,27276.0,27276.0,27281.0,27283.0,27309.0,27351.0,27371.0,27392.0,27405.0,27409.0,27409.0,27452.0,27490.0,27525.0,27525.0,27531.0,27531.0
FFAA y de orden,Segunda,,,,,,,,8049.0,9999.0,10908.0,13837.0,15452.0,16521.0,16766.0,16777.0,17909.0,18761.0,19476.0,20081.0,20487.0,20744.0,20877.0,21125.0,21317.0,21379.0,21579.0,21670.0,21679.0,21679.0,21772.0,21890.0,22067.0,22313.0,22325.0,22353.0,22356.0,22556.0,22726.0,22891.0,22891.0,23334.0,23470.0,23485.0,23486.0,23663.0,23826.0,24045.0,24645.0,24645.0,24934.0,24935.0,25048.0,25155.0,25249.0,25356.0,25497.0,25512.0,25512.0,25583.0,25638.0,25660.0,25700.0,25728.0,25728.0,25728.0,25765.0,25808.0,25855.0,25896.0,25896.0,25937.0,25937.0,25970.0,26007.0,26070.0,26148.0,26159.0,26161.0,26164.0,26180.0,26212.0,26235.0,26279.0,26279.0,26289.0,26289.0,26314.0,26343.0,26367.0,26394.0,26430.0,26435.0,26437.0,26456.0,26568.0,26592.0,26637.0,26662.0,26665.0
Privado,Primera,,,,,,,,184728.0,186178.0,186604.0,189062.0,190430.0,191907.0,192149.0,192187.0,193360.0,194793.0,196079.0,197406.0,198847.0,199093.0,199128.0,200303.0,201529.0,201922.0,203777.0,205262.0,205443.0,205443.0,206266.0,207086.0,207923.0,208676.0,208714.0,208719.0,208728.0,209311.0,209900.0,210064.0,210064.0,210975.0,211551.0,211635.0,211639.0,212015.0,212504.0,212913.0,213293.0,213293.0,213737.0,213742.0,213995.0,214208.0,214370.0,214566.0,214734.0,214758.0,214758.0,214894.0,215035.0,215139.0,215268.0,215400.0,215407.0,215406.0,215563.0,215681.0,215781.0,215892.0,215892.0,216050.0,216053.0,216176.0,216343.0,216480.0,216644.0,216722.0,216728.0,216729.0,216820.0,216914.0,217010.0,217090.0,217090.0,217107.0,217107.0,217234.0,217357.0,217420.0,217538.0,217628.0,217647.0,217648.0,217712.0,217762.0,217809.0,217745.0,217751.0,217756.0
Privado,Segunda,,,,,,,,83827.0,97062.0,101803.0,120260.0,129515.0,137267.0,138276.0,138379.0,144246.0,149912.0,155116.0,159470.0,163375.0,163950.0,163987.0,166423.0,168420.0,169023.0,171289.0,172756.0,172855.0,172860.0,173928.0,175100.0,176768.0,179159.0,179303.0,179321.0,179331.0,181697.0,183413.0,183983.0,183983.0,186399.0,187979.0,188133.0,188139.0,189498.0,190865.0,192236.0,193597.0,193597.0,195223.0,195241.0,196488.0,197705.0,198819.0,199857.0,201287.0,201441.0,201443.0,202413.0,203237.0,204097.0,204868.0,205205.0,205221.0,205224.0,205831.0,206390.0,206941.0,207478.0,207478.0,208065.0,208070.0,208455.0,209017.0,209477.0,210014.0,210259.0,210264.0,210266.0,210575.0,210884.0,211156.0,211426.0,211426.0,211475.0,211478.0,211725.0,212069.0,212286.0,212523.0,212746.0,212799.0,212807.0,212976.0,213176.0,213352.0,213376.0,213521.0,213544.0
Público,Primera,,,,,,,,300442.0,301914.0,302377.0,304890.0,306508.0,308165.0,308309.0,308365.0,309792.0,311311.0,312722.0,314337.0,315823.0,316009.0,316074.0,317324.0,318511.0,318877.0,320875.0,321987.0,322084.0,322086.0,323001.0,323828.0,324638.0,325478.0,325523.0,325535.0,325559.0,326343.0,327065.0,327271.0,327271.0,328233.0,328787.0,328866.0,328872.0,329432.0,329992.0,330594.0,331103.0,331103.0,331681.0,331689.0,332105.0,332483.0,332804.0,333083.0,333428.0,333463.0,333470.0,333730.0,334121.0,334382.0,334699.0,334976.0,334988.0,334996.0,335387.0,335742.0,336077.0,336544.0,336544.0,336910.0,336913.0,337221.0,337679.0,338045.0,338525.0,338741.0,338757.0,338758.0,339014.0,339305.0,339606.0,339898.0,339898.0,339964.0,339968.0,340496.0,341078.0,341628.0,342150.0,342494.0,342540.0,342549.0,342932.0,343356.0,343602.0,343774.0,343831.0,343851.0
Público,Segunda,,,,,,,,191869.0,208511.0,213996.0,234077.0,243920.0,250871.0,251537.0,251704.0,256959.0,262311.0,266810.0,270530.0,273583.0,273852.0,273898.0,276379.0,278645.0,279299.0,281683.0,283337.0,283470.0,283484.0,284899.0,286485.0,289107.0,291581.0,291726.0,291755.0,291792.0,294625.0,296739.0,297393.0,297393.0,300315.0,301966.0,302144.0,302171.0,303674.0,305241.0,306778.0,308292.0,308292.0,309984.0,309998.0,311317.0,312630.0,313901.0,314965.0,316047.0,316130.0,316137.0,317127.0,318056.0,318885.0,319700.0,320102.0,320118.0,320131.0,320828.0,321482.0,322133.0,322703.0,322703.0,323338.0,323340.0,323881.0,324556.0,325130.0,325863.0,326153.0,326169.0,326170.0,326613.0,327049.0,327493.0,327947.0,327947.0,328016.0,328020.0,328546.0,329142.0,329601.0,330071.0,330547.0,330610.0,330616.0,331070.0,331527.0,331973.0,332385.0,332645.0,332705.0
Establecimientos de Larga Estadia de Adultos Mayores (ELEAM),Primera,,,,,,,,26870.0,26941.0,26977.0,27021.0,27076.0,27230.0,27127.0,27132.0,27222.0,27384.0,27502.0,27778.0,27944.0,28035.0,28036.0,28114.0,28205.0,28232.0,28274.0,28367.0,28368.0,28369.0,28428.0,28477.0,28554.0,28644.0,28646.0,28648.0,28648.0,28685.0,28721.0,28728.0,28728.0,28798.0,28854.0,28879.0,28879.0,28908.0,28930.0,28958.0,28984.0,28984.0,29033.0,29033.0,29041.0,29053.0,29063.0,29085.0,29092.0,29093.0,29093.0,29100.0,29113.0,29122.0,29138.0,29158.0,29155.0,29148.0,29156.0,29162.0,29179.0,29193.0,29193.0,29207.0,29207.0,29210.0,29231.0,29235.0,29260.0,29269.0,29268.0,29268.0,29274.0,29288.0,29306.0,29314.0,29314.0,29314.0,29314.0,29322.0,29335.0,29342.0,29347.0,29350.0,29353.0,29353.0,29359.0,29371.0,29374.0,29467.0,29468.0,29468.0
Establecimientos de Larga Estadia de Adultos Mayores (ELEAM),Segunda,,,,,,,,11589.0,12843.0,13675.0,16190.0,17978.0,19139.0,19275.0,19314.0,20253.0,21115.0,21734.0,22465.0,23337.0,23511.0,23541.0,23797.0,24230.0,24338.0,24550.0,24722.0,24729.0,24729.0,24847.0,24991.0,25238.0,25438.0,25446.0,25449.0,25449.0,25639.0,25822.0,25863.0,25863.0,26135.0,26331.0,26433.0,26435.0,26604.0,26699.0,26798.0,26927.0,26927.0,27017.0,27017.0,27097.0,27179.0,27254.0,27324.0,27401.0,27405.0,27406.0,27458.0,27554.0,27589.0,27646.0,27682.0,27683.0,27676.0,27709.0,27743.0,27792.0,27867.0,27867.0,27927.0,27927.0,27956.0,27988.0,28015.0,28049.0,28079.0,28078.0,28078.0,28121.0,28130.0,28152.0,28183.0,28183.0,28187.0,28187.0,28203.0,28227.0,28260.0,28286.0,28303.0,28304.0,28304.0,28325.0,28341.0,28358.0,28459.0,28493.0,28496.0
Instituciones de Salud Mental,Primera,,,,,,,,3758.0,3885.0,3879.0,3955.0,4022.0,4080.0,4106.0,4107.0,4137.0,4205.0,4266.0,4384.0,4468.0,4486.0,4485.0,4526.0,4541.0,4533.0,4600.0,4623.0,4645.0,4645.0,4656.0,4706.0,4847.0,4908.0,4910.0,4905.0,4905.0,4921.0,4967.0,4975.0,4975.0,5042.0,5063.0,5065.0,5065.0,5075.0,5090.0,5109.0,5131.0,5131.0,5141.0,5141.0,5151.0,5158.0,5198.0,5203.0,5213.0,5214.0,5214.0,5222.0,5235.0,5239.0,5245.0,5250.0,5251.0,5251.0,5264.0,5270.0,5280.0,5282.0,5282.0,5290.0,5290.0,5300.0,5310.0,5318.0,5338.0,5347.0,5347.0,5347.0,5355.0,5370.0,5399.0,5415.0,5415.0,5417.0,5417.0,5425.0,5439.0,5450.0,5472.0,5485.0,5495.0,5495.0,5521.0,5542.0,5557.0,5574.0,5572.0,5572.0
Instituciones de Salud Mental,Segunda,,,,,,,,727.0,910.0,941.0,1304.0,1604.0,1699.0,1818.0,1818.0,1918.0,2005.0,2123.0,2274.0,2498.0,2621.0,2623.0,2686.0,2723.0,2742.0,2970.0,3025.0,3025.0,3027.0,3138.0,3255.0,3362.0,3464.0,3481.0,3484.0,3486.0,3554.0,3660.0,3675.0,3675.0,3779.0,3822.0,3835.0,3835.0,3888.0,3977.0,4047.0,4137.0,4137.0,4204.0,4204.0,4284.0,4322.0,4386.0,4424.0,4463.0,4464.0,4464.0,4478.0,4538.0,4655.0,4693.0,4712.0,4737.0,4737.0,4758.0,4799.0,4853.0,4881.0,4881.0,4907.0,4907.0,4925.0,4944.0,4956.0,4973.0,4976.0,4978.0,4978.0,4990.0,5002.0,5008.0,5022.0,5022.0,5025.0,5025.0,5038.0,5051.0,5059.0,5066.0,5082.0,5082.0,5082.0,5090.0,5103.0,5123.0,5130.0,5140.0,5145.0
Población privada de libertad,Primera,,,,,,,,4083.0,4151.0,4203.0,4218.0,4238.0,4399.0,4388.0,4381.0,4686.0,5484.0,6432.0,7065.0,7660.0,8522.0,8518.0,9030.0,9546.0,9642.0,10253.0,10524.0,10580.0,10581.0,11041.0,11792.0,13060.0,14053.0,14387.0,14383.0,14493.0,14876.0,15109.0,15244.0,15244.0,15475.0,15805.0,15822.0,15823.0,15935.0,15995.0,16013.0,16046.0,16046.0,16507.0,16502.0,16640.0,16945.0,17501.0,17605.0,17656.0,17694.0,17692.0,17746.0,17917.0,30163.0,30327.0,30505.0,30587.0,30588.0,30950.0,31165.0,31315.0,31623.0,31623.0,32116.0,32126.0,32552.0,32883.0,33203.0,33547.0,33805.0,33821.0,33826.0,34226.0,34746.0,35119.0,35469.0,35469.0,35690.0,35694.0,36207.0,36838.0,37241.0,37947.0,38314.0,38503.0,38584.0,39153.0,39648.0,40061.0,40218.0,40305.0,40329.0
Población privada de libertad,Segunda,,,,,,,,11.0,42.0,113.0,502.0,830.0,1104.0,1112.0,1114.0,1487.0,1781.0,1965.0,2139.0,2353.0,2353.0,2352.0,2434.0,2522.0,2548.0,2612.0,2658.0,2660.0,2660.0,2852.0,3029.0,3210.0,3469.0,3486.0,3487.0,3489.0,3668.0,3829.0,3855.0,3855.0,3974.0,4044.0,4072.0,4075.0,4381.0,4878.0,5570.0,6412.0,6412.0,7057.0,7200.0,7294.0,7832.0,8176.0,8624.0,8800.0,9191.0,9191.0,9407.0,9899.0,15469.0,16590.0,17339.0,17851.0,17851.0,18079.0,18983.0,19631.0,20104.0,20104.0,20984.0,20984.0,21347.0,21717.0,22261.0,22971.0,23115.0,23117.0,23151.0,23533.0,23965.0,24515.0,24934.0,24934.0,25066.0,25068.0,25213.0,25454.0,25611.0,25815.0,25947.0,25970.0,25978.0,26141.0,26350.0,26928.0,27148.0,27565.0,27622.0
Servicio Nacional de Menores (SENAME),Primera,,,,,,,,9814.0,9935.0,9948.0,10130.0,10275.0,10417.0,10428.0,10430.0,10501.0,10587.0,10721.0,10806.0,10911.0,10925.0,10928.0,11012.0,11091.0,11118.0,11221.0,11272.0,11278.0,11278.0,11337.0,11400.0,11455.0,11508.0,11509.0,11511.0,11511.0,11549.0,11588.0,11601.0,11601.0,11691.0,11734.0,11737.0,11737.0,11761.0,11790.0,11853.0,11901.0,11901.0,11945.0,11944.0,11969.0,11984.0,11989.0,11996.0,12013.0,12014.0,12015.0,12018.0,12043.0,11994.0,12010.0,12027.0,12027.0,12027.0,12033.0,12041.0,12054.0,12061.0,12061.0,12075.0,12075.0,12095.0,12104.0,12109.0,12120.0,12125.0,12125.0,12125.0,12140.0,12183.0,12217.0,12224.0,12224.0,12226.0,12226.0,12239.0,12247.0,12263.0,12277.0,12290.0,12296.0,12297.0,12330.0,12358.0,12381.0,12383.0,12386.0,12386.0
Servicio Nacional de Menores (SENAME),Segunda,,,,,,,,3088.0,3693.0,3922.0,5165.0,5705.0,6337.0,6384.0,6393.0,6693.0,7063.0,7493.0,7824.0,8131.0,8146.0,8147.0,8308.0,8420.0,8454.0,8577.0,8759.0,8824.0,8824.0,8908.0,9005.0,9173.0,9402.0,9419.0,9421.0,9422.0,9609.0,9719.0,9771.0,9771.0,9989.0,10108.0,10117.0,10119.0,10193.0,10282.0,10401.0,10484.0,10484.0,10603.0,10605.0,10699.0,10787.0,10861.0,10917.0,10964.0,10968.0,10968.0,11017.0,11092.0,11091.0,11154.0,11177.0,11180.0,11180.0,11216.0,11250.0,11295.0,11343.0,11343.0,11385.0,11385.0,11421.0,11466.0,11510.0,11557.0,11574.0,11574.0,11574.0,11610.0,11635.0,11651.0,11667.0,11667.0,11672.0,11672.0,11691.0,11712.0,11742.0,11765.0,11779.0,11783.0,11784.0,11801.0,11820.0,11847.0,11867.0,11873.0,11875.0
Administración del Estado,Primera,,,,,,,,126028.0,127323.0,127755.0,130971.0,133391.0,136316.0,136498.0,136522.0,138034.0,139748.0,141890.0,144507.0,146219.0,146669.0,146685.0,148809.0,151462.0,152717.0,156910.0,160145.0,160359.0,160374.0,161637.0,163063.0,164073.0,164820.0,164856.0,164865.0,164871.0,165453.0,166124.0,166379.0,166379.0,167553.0,168025.0,168090.0,168098.0,168446.0,168818.0,169152.0,169503.0,169503.0,169841.0,169846.0,170093.0,170262.0,170423.0,170554.0,170671.0,170692.0,170684.0,170800.0,170918.0,170993.0,171103.0,171228.0,171233.0,171236.0,171339.0,171579.0,171717.0,171869.0,171869.0,172005.0,172005.0,172101.0,172200.0,172299.0,172449.0,172516.0,172529.0,172530.0,172562.0,172598.0,172820.0,173002.0,173002.0,173018.0,173021.0,173079.0,173176.0,173199.0,173232.0,173299.0,173309.0,173310.0,173322.0,173347.0,173369.0,173365.0,173342.0,173343.0
Administración del Estado,Segunda,,,,,,,,190.0,4194.0,7029.0,26039.0,41365.0,55523.0,57328.0,57631.0,67841.0,78284.0,87798.0,96940.0,104642.0,105074.0,105078.0,108645.0,111119.0,112120.0,115277.0,117070.0,117196.0,117229.0,118749.0,120060.0,121388.0,122975.0,123036.0,123040.0,123046.0,124993.0,126835.0,127501.0,127501.0,130914.0,133620.0,133773.0,133781.0,135381.0,137033.0,138929.0,141046.0,141046.0,142817.0,142850.0,145164.0,147993.0,150865.0,153039.0,155866.0,156052.0,156058.0,157583.0,159167.0,160134.0,161018.0,161385.0,161395.0,161403.0,162027.0,162786.0,163607.0,164259.0,164259.0,164781.0,164784.0,165201.0,165684.0,166076.0,166547.0,166735.0,166743.0,166744.0,166994.0,167215.0,167442.0,167672.0,167672.0,167703.0,167704.0,167952.0,168245.0,168481.0,168667.0,168880.0,168923.0,168930.0,169104.0,169384.0,169564.0,169719.0,169826.0,169848.0
Atencion directa a la Ciudada,Primera,,,,,,,,126648.0,127961.0,128338.0,132618.0,136999.0,140281.0,141018.0,141037.0,144975.0,150051.0,155179.0,160561.0,165384.0,166497.0,166629.0,178938.0,193885.0,197740.0,217359.0,232012.0,233689.0,233771.0,240062.0,246529.0,253108.0,258914.0,259465.0,259550.0,259601.0,263788.0,268395.0,269562.0,269562.0,277310.0,281302.0,281925.0,281968.0,285505.0,289260.0,291995.0,295174.0,295174.0,298407.0,298427.0,300147.0,301897.0,303304.0,304675.0,305684.0,305818.0,305834.0,306712.0,307808.0,308609.0,309432.0,310318.0,310401.0,310542.0,311335.0,312201.0,312963.0,313728.0,313728.0,314586.0,314593.0,315298.0,316127.0,316838.0,317675.0,318078.0,318101.0,318104.0,318377.0,318635.0,319005.0,319681.0,319681.0,319938.0,319940.0,320183.0,320554.0,320837.0,321166.0,321425.0,321490.0,321492.0,321826.0,321989.0,322167.0,322289.0,322373.0,322377.0
Atencion directa a la Ciudada,Segunda,,,,,,,,401.0,3371.0,5385.0,18323.0,30436.0,42246.0,44815.0,45014.0,54769.0,66371.0,78129.0,88105.0,96185.0,97246.0,97469.0,102268.0,105985.0,106951.0,111132.0,113016.0,113227.0,113244.0,115044.0,116949.0,119134.0,121252.0,121423.0,121460.0,121466.0,123842.0,125989.0,126971.0,126971.0,132514.0,135537.0,136028.0,136081.0,139909.0,144553.0,149463.0,154576.0,154576.0,159878.0,159939.0,171087.0,184920.0,195450.0,205907.0,217422.0,218695.0,218754.0,226654.0,233690.0,240491.0,246228.0,248498.0,248583.0,248622.0,252864.0,257291.0,261572.0,266047.0,266047.0,270222.0,270233.0,273503.0,277663.0,280793.0,284840.0,286237.0,286302.0,286307.0,288207.0,290263.0,292027.0,293826.0,293826.0,294102.0,294125.0,295643.0,297507.0,298920.0,300032.0,301094.0,301304.0,301334.0,302328.0,303454.0,304418.0,305207.0,305950.0,306101.0
Carabineros- PDI,Primera,,,,,,,,46626.0,47027.0,47179.0,47904.0,48527.0,49231.0,49359.0,49370.0,49736.0,50194.0,50492.0,50771.0,51024.0,51067.0,51096.0,51415.0,51689.0,51788.0,52302.0,52502.0,52521.0,52526.0,52649.0,52789.0,52910.0,52993.0,53001.0,53003.0,53003.0,53122.0,53224.0,53245.0,53245.0,53420.0,53492.0,53506.0,53506.0,53587.0,53662.0,53740.0,53798.0,53798.0,53849.0,53851.0,53883.0,53908.0,53956.0,53978.0,54009.0,54016.0,54017.0,54040.0,54064.0,54091.0,54106.0,54127.0,54129.0,54129.0,54164.0,54190.0,54255.0,54280.0,54280.0,54294.0,54294.0,54303.0,54325.0,54351.0,54404.0,54411.0,54412.0,54414.0,54424.0,54456.0,54468.0,54497.0,54497.0,54498.0,54498.0,54531.0,54567.0,54605.0,54648.0,54682.0,54686.0,54686.0,54713.0,54731.0,54745.0,54747.0,54759.0,54760.0
Carabineros- PDI,Segunda,,,,,,,,186.0,3516.0,6560.0,17104.0,22658.0,27254.0,28012.0,28288.0,31445.0,34403.0,36578.0,38111.0,39461.0,39635.0,39757.0,40777.0,41493.0,41737.0,42620.0,43134.0,43164.0,43167.0,43433.0,43807.0,44167.0,44534.0,44557.0,44563.0,44564.0,45057.0,45482.0,45652.0,45652.0,46571.0,47180.0,47229.0,47232.0,47660.0,48118.0,48483.0,48808.0,48808.0,49133.0,49135.0,49435.0,49850.0,50097.0,50318.0,50509.0,50530.0,50531.0,50694.0,50819.0,50981.0,51102.0,51171.0,51172.0,51173.0,51302.0,51405.0,51506.0,51627.0,51627.0,51690.0,51690.0,51765.0,51866.0,51955.0,52040.0,52075.0,52078.0,52078.0,52122.0,52173.0,52226.0,52281.0,52281.0,52291.0,52292.0,52383.0,52474.0,52603.0,52697.0,52756.0,52766.0,52767.0,52816.0,52873.0,52981.0,53043.0,53088.0,53096.0
Farmacias y laboratorios,Primera,,,,,,,,24955.0,25249.0,25292.0,25716.0,26113.0,26381.0,26433.0,26440.0,27161.0,28579.0,30113.0,31446.0,32659.0,32808.0,32824.0,33448.0,34016.0,34194.0,34999.0,35413.0,35494.0,35496.0,35846.0,36115.0,36428.0,36675.0,36691.0,36692.0,36693.0,36899.0,37097.0,37158.0,37158.0,37440.0,37613.0,37641.0,37644.0,37751.0,37864.0,38008.0,38154.0,38154.0,38296.0,38296.0,38364.0,38428.0,38451.0,38487.0,38512.0,38517.0,38517.0,38545.0,38569.0,38589.0,38602.0,38611.0,38613.0,38614.0,38631.0,38639.0,38647.0,38660.0,38660.0,38678.0,38678.0,38688.0,38704.0,38713.0,38730.0,38741.0,38741.0,38741.0,38742.0,38751.0,38756.0,38756.0,38756.0,38762.0,38765.0,38767.0,38771.0,38769.0,38774.0,38779.0,38781.0,38781.0,38788.0,38800.0,38801.0,38801.0,38801.0,38801.0
Farmacias y laboratorios,Segunda,,,,,,,,58.0,1180.0,1977.0,6795.0,10125.0,12669.0,13036.0,13079.0,14904.0,16490.0,18093.0,19460.0,20727.0,20858.0,20867.0,21466.0,21990.0,22144.0,22745.0,23103.0,23148.0,23148.0,23404.0,23692.0,23958.0,24258.0,24276.0,24278.0,24278.0,24563.0,24825.0,24939.0,24939.0,25466.0,25765.0,25812.0,25817.0,26479.0,27828.0,29298.0,30555.0,30555.0,31756.0,31765.0,32447.0,33059.0,33580.0,34023.0,34442.0,34497.0,34497.0,34857.0,35145.0,35454.0,35717.0,35802.0,35805.0,35806.0,36005.0,36188.0,36373.0,36543.0,36543.0,36746.0,36747.0,36874.0,37014.0,37173.0,37378.0,37454.0,37457.0,37457.0,37549.0,37642.0,37689.0,37739.0,37739.0,37753.0,37753.0,37810.0,37871.0,37932.0,37975.0,38004.0,38014.0,38017.0,38054.0,38086.0,38103.0,38127.0,38162.0,38170.0
Fuerzas Armadas,Primera,,,,,,,,33729.0,33871.0,33990.0,34891.0,36330.0,38228.0,38489.0,38489.0,38939.0,39475.0,41016.0,41752.0,42615.0,42987.0,43015.0,43514.0,44537.0,45670.0,47145.0,48260.0,48437.0,48442.0,48934.0,49216.0,49754.0,49815.0,49817.0,49878.0,49879.0,50121.0,50229.0,50261.0,50261.0,50497.0,50576.0,50588.0,50588.0,50664.0,50753.0,50790.0,50834.0,50834.0,50904.0,50903.0,50952.0,50963.0,51169.0,51503.0,51933.0,51942.0,51942.0,52043.0,52313.0,52339.0,52369.0,52507.0,52540.0,52540.0,52747.0,52858.0,52909.0,53010.0,53010.0,53098.0,53149.0,53188.0,53241.0,53250.0,53253.0,53260.0,53261.0,53262.0,53266.0,53285.0,53388.0,53531.0,53531.0,53531.0,53531.0,53673.0,53956.0,54020.0,54037.0,54040.0,54040.0,54040.0,54050.0,54300.0,54308.0,54314.0,54318.0,54319.0
Fuerzas Armadas,Segunda,,,,,,,,1757.0,2957.0,3716.0,7519.0,10414.0,12969.0,14389.0,14405.0,16414.0,18744.0,21167.0,24513.0,26719.0,27970.0,27990.0,28942.0,29440.0,29812.0,30171.0,30503.0,30510.0,30510.0,30918.0,31607.0,31941.0,32422.0,32431.0,32504.0,32520.0,32894.0,33240.0,33953.0,33953.0,36322.0,37529.0,37557.0,37559.0,37949.0,38869.0,40064.0,40848.0,40848.0,41918.0,41914.0,42385.0,43566.0,45132.0,46018.0,47081.0,47178.0,47179.0,47651.0,48025.0,48582.0,48805.0,48890.0,48891.0,48891.0,49231.0,49365.0,49480.0,49615.0,49615.0,49711.0,49711.0,49818.0,49921.0,49990.0,50063.0,50084.0,50084.0,50090.0,50135.0,50242.0,50638.0,50976.0,50976.0,50985.0,50987.0,51084.0,51197.0,51436.0,51670.0,51747.0,51757.0,51757.0,51821.0,51900.0,51988.0,52144.0,52175.0,52185.0
Gendarmería,Primera,,,,,,,,4861.0,4934.0,4994.0,5587.0,6051.0,6623.0,6895.0,6950.0,8172.0,9461.0,10773.0,11513.0,12002.0,12102.0,12116.0,12329.0,12603.0,12628.0,12947.0,13034.0,13047.0,13047.0,13113.0,13301.0,13348.0,13423.0,13431.0,13432.0,13432.0,13471.0,13541.0,13588.0,13588.0,13731.0,13811.0,13874.0,13874.0,13903.0,13949.0,14048.0,14091.0,14091.0,14118.0,14118.0,14134.0,14153.0,14169.0,14227.0,14278.0,14282.0,14277.0,14281.0,14295.0,14294.0,14299.0,14307.0,14310.0,14310.0,14319.0,14327.0,14339.0,14340.0,14340.0,14349.0,14349.0,14352.0,14369.0,14384.0,14405.0,14417.0,14425.0,14440.0,14442.0,14445.0,14453.0,14457.0,14457.0,14458.0,14462.0,14467.0,14477.0,14515.0,14531.0,14537.0,14537.0,14537.0,14538.0,14578.0,14582.0,14582.0,14585.0,14586.0
Gendarmería,Segunda,,,,,,,,5.0,20.0,52.0,477.0,730.0,1162.0,1374.0,1529.0,1925.0,2305.0,2659.0,3093.0,3408.0,3428.0,3497.0,3687.0,4012.0,4052.0,4229.0,4324.0,4349.0,4349.0,4460.0,4565.0,4646.0,4774.0,4774.0,4774.0,4775.0,4860.0,5138.0,5222.0,5222.0,5901.0,6332.0,6376.0,6377.0,7673.0,8894.0,9893.0,10486.0,10486.0,11114.0,11117.0,11482.0,11761.0,11957.0,12157.0,12339.0,12353.0,12348.0,12415.0,12514.0,12607.0,12712.0,12764.0,12769.0,12769.0,12816.0,12894.0,12954.0,13017.0,13017.0,13084.0,13084.0,13129.0,13207.0,13306.0,13374.0,13393.0,13437.0,13463.0,13497.0,13536.0,13566.0,13593.0,13593.0,13596.0,13618.0,13665.0,13728.0,13788.0,13843.0,13883.0,13886.0,13886.0,13906.0,13922.0,13953.0,13970.0,13986.0,13987.0
Personal . crítico de Gobierno,Primera,,,,,,,,0.0,0.0,0.0,0.0,0.0,0.0,0.0,0.0,0.0,0.0,0.0,0.0,0.0,0.0,0.0,0.0,0.0,0.0,0.0,0.0,0.0,0.0,0.0,0.0,0.0,0.0,0.0,0.0,0.0,0.0,0.0,0.0,0.0,0.0,0.0,0.0,0.0,0.0,0.0,0.0,0.0,0.0,0.0,0.0,0.0,0.0,0.0,0.0,0.0,0.0,0.0,0.0,0.0,0.0,0.0,0.0,0.0,0.0,0.0,0.0,0.0,0.0,0.0,0.0,0.0,0.0,0.0,0.0,0.0,0.0,0.0,0.0,0.0,0.0,0.0,0.0,0.0,0.0,0.0,0.0,0.0,0.0,0.0,0.0,0.0,0.0,0.0,0.0,0.0,0.0,0.0,0.0
Personal . crítico de Gobierno,Segunda,,,,,,,,0.0,0.0,0.0,0.0,0.0,0.0,0.0,0.0,0.0,0.0,0.0,0.0,0.0,0.0,0.0,0.0,0.0,0.0,0.0,0.0,0.0,0.0,0.0,0.0,0.0,0.0,0.0,0.0,0.0,0.0,0.0,0.0,0.0,0.0,0.0,0.0,0.0,0.0,0.0,0.0,0.0,0.0,0.0,0.0,0.0,0.0,0.0,0.0,0.0,0.0,0.0,0.0,0.0,0.0,0.0,0.0,0.0,0.0,0.0,0.0,0.0,0.0,0.0,0.0,0.0,0.0,0.0,0.0,0.0,0.0,0.0,0.0,0.0,0.0,0.0,0.0,0.0,0.0,0.0,0.0,0.0,0.0,0.0,0.0,0.0,0.0,0.0,0.0,0.0,0.0,0.0,0.0
Personal de funciones en empresas de transporte de personas,Primera,,,,,,,,11698.0,11868.0,11971.0,12279.0,12449.0,12917.0,13145.0,13157.0,23940.0,38644.0,52319.0,64040.0,73695.0,75272.0,75539.0,83761.0,90988.0,92725.0,99307.0,102218.0,102640.0,102677.0,104969.0,106894.0,108572.0,110019.0,110132.0,110171.0,110215.0,111480.0,112634.0,112943.0,112943.0,114628.0,115582.0,115743.0,115785.0,116567.0,117543.0,118517.0,119339.0,119339.0,120214.0,120242.0,120790.0,121239.0,121592.0,121875.0,122144.0,122176.0,122173.0,122384.0,122574.0,122748.0,122872.0,123050.0,123062.0,123065.0,123239.0,123342.0,123413.0,123486.0,123486.0,123596.0,123596.0,123668.0,123729.0,123779.0,123851.0,123875.0,123877.0,123877.0,123915.0,123945.0,123982.0,124013.0,124013.0,124017.0,124020.0,124055.0,124085.0,124097.0,124116.0,124128.0,124131.0,124131.0,124154.0,124165.0,124175.0,124190.0,124194.0,124195.0
Personal de funciones en empresas de transporte de personas,Segunda,,,,,,,,126.0,168.0,265.0,911.0,1685.0,2675.0,3009.0,3018.0,3978.0,4983.0,6075.0,7112.0,7947.0,8053.0,8063.0,8658.0,9089.0,9200.0,9649.0,9907.0,9934.0,9936.0,10191.0,10459.0,10689.0,11145.0,11161.0,11165.0,11166.0,11402.0,11699.0,11764.0,11764.0,12147.0,12749.0,12803.0,12821.0,21886.0,34704.0,47174.0,57652.0,57652.0,67290.0,67425.0,75906.0,83339.0,88264.0,92149.0,95188.0,95576.0,95608.0,98235.0,100488.0,102304.0,103936.0,104577.0,104621.0,104665.0,105960.0,107172.0,108272.0,109270.0,109270.0,110280.0,110305.0,111111.0,112193.0,113085.0,114162.0,114586.0,114621.0,114644.0,115251.0,115897.0,116388.0,116805.0,116805.0,116905.0,116915.0,117417.0,117933.0,118354.0,118692.0,118980.0,119041.0,119054.0,119327.0,119570.0,119777.0,119940.0,120078.0,120114.0
Personas  funciones en transporte de productos criticos,Primera,,,,,,,,1532.0,1552.0,1552.0,1593.0,1627.0,1911.0,1927.0,1959.0,4505.0,8768.0,14504.0,19772.0,24491.0,25205.0,25487.0,30524.0,35658.0,37081.0,43027.0,46163.0,46436.0,46480.0,48633.0,50838.0,52916.0,54702.0,54759.0,54820.0,54984.0,56560.0,58089.0,58522.0,58522.0,60701.0,61897.0,62116.0,62176.0,62938.0,63711.0,64460.0,65167.0,65167.0,65770.0,65798.0,66154.0,66493.0,66743.0,66975.0,67179.0,67201.0,67196.0,67333.0,67474.0,67582.0,67681.0,67811.0,67818.0,67820.0,67920.0,67975.0,68040.0,68083.0,68083.0,68145.0,68146.0,68209.0,68242.0,68282.0,68326.0,68347.0,68348.0,68348.0,68384.0,68444.0,68471.0,68534.0,68534.0,68539.0,68540.0,68576.0,68595.0,68603.0,68611.0,68630.0,68644.0,68652.0,68673.0,68676.0,68689.0,68703.0,68709.0,68710.0
Personas  funciones en transporte de productos criticos,Segunda,,,,,,,,1.0,4.0,9.0,90.0,182.0,281.0,315.0,320.0,439.0,570.0,703.0,837.0,1106.0,1119.0,1128.0,1215.0,1244.0,1252.0,1284.0,1326.0,1330.0,1331.0,1365.0,1386.0,1404.0,1430.0,1431.0,1431.0,1431.0,1478.0,1509.0,1520.0,1520.0,1773.0,1862.0,1873.0,1874.0,4075.0,7759.0,12736.0,17476.0,17476.0,21938.0,22325.0,27425.0,32517.0,36170.0,39336.0,42085.0,42330.0,42340.0,44682.0,46611.0,48660.0,50300.0,50955.0,50974.0,51008.0,52440.0,53831.0,55207.0,56573.0,56573.0,57731.0,57756.0,58485.0,59367.0,60196.0,61163.0,61489.0,61508.0,61509.0,61987.0,62449.0,62838.0,63181.0,63181.0,63273.0,63279.0,63646.0,64013.0,64292.0,64530.0,64725.0,64792.0,64804.0,64994.0,65170.0,65336.0,65440.0,65527.0,65554.0
Personas de funciones en empresas de servicios básicos,Primera,,,,,,,,16869.0,17259.0,17306.0,17668.0,18268.0,18735.0,18879.0,18892.0,21937.0,26730.0,32929.0,40336.0,46965.0,48105.0,48313.0,85356.0,133478.0,141875.0,172207.0,189453.0,192308.0,192573.0,203665.0,215800.0,229555.0,239793.0,240583.0,241230.0,241321.0,248825.0,257089.0,259363.0,259363.0,274071.0,281717.0,283099.0,283274.0,288884.0,295645.0,301076.0,306535.0,306535.0,311907.0,312057.0,314486.0,317128.0,319236.0,321217.0,322758.0,322929.0,322943.0,324009.0,325296.0,326611.0,327628.0,328891.0,329046.0,329092.0,330073.0,331306.0,332249.0,333081.0,333081.0,334237.0,334291.0,335129.0,335798.0,336598.0,337624.0,338115.0,338234.0,338234.0,338775.0,339273.0,339763.0,340668.0,340668.0,340816.0,340843.0,341420.0,342066.0,342451.0,342861.0,343202.0,343350.0,343380.0,343765.0,344130.0,344544.0,344823.0,344889.0,344915.0
Personas de funciones en empresas de servicios básicos,Segunda,,,,,,,,146.0,269.0,465.0,2048.0,3714.0,5416.0,5774.0,5808.0,7109.0,8671.0,10132.0,11304.0,12330.0,12376.0,12374.0,12968.0,13364.0,13557.0,14040.0,14459.0,14489.0,14490.0,14700.0,15123.0,15653.0,16043.0,16058.0,16061.0,16062.0,16402.0,16811.0,16920.0,16920.0,17631.0,18046.0,18092.0,18114.0,20685.0,24992.0,30830.0,37254.0,37254.0,44125.0,44230.0,76128.0,118346.0,139914.0,157258.0,173465.0,175210.0,175311.0,187368.0,199577.0,212109.0,222110.0,225524.0,225740.0,225833.0,232979.0,241302.0,249773.0,258353.0,258353.0,265714.0,265783.0,271220.0,278458.0,284601.0,291452.0,293851.0,293957.0,293986.0,297098.0,300552.0,303174.0,305580.0,305580.0,305943.0,305964.0,308234.0,310650.0,312530.0,314026.0,315560.0,315877.0,315941.0,317188.0,318706.0,319821.0,320771.0,321640.0,321835.0
"Personas en funciones en ONEMI, CONAF, Bomberos",Primera,,,,,,,,17501.0,17574.0,17640.0,18141.0,18602.0,19093.0,19281.0,19291.0,21338.0,23500.0,25017.0,26539.0,27567.0,27815.0,27841.0,28300.0,28664.0,28742.0,29131.0,29294.0,29321.0,29327.0,29493.0,29610.0,29703.0,29804.0,29813.0,29814.0,29815.0,29887.0,29957.0,29978.0,29978.0,30107.0,30174.0,30191.0,30193.0,30248.0,30333.0,30382.0,30432.0,30432.0,30497.0,30502.0,30534.0,30559.0,30581.0,30606.0,30626.0,30626.0,30624.0,30620.0,30641.0,30569.0,30616.0,30639.0,30640.0,30640.0,30676.0,30688.0,30696.0,30707.0,30707.0,30721.0,30721.0,30734.0,30737.0,30742.0,30760.0,30762.0,30763.0,30763.0,30768.0,30774.0,30783.0,30789.0,30789.0,30792.0,30795.0,30798.0,30811.0,30793.0,30803.0,30809.0,30815.0,30815.0,30818.0,30824.0,30829.0,30830.0,30832.0,30833.0
"Personas en funciones en ONEMI, CONAF, Bomberos",Segunda,,,,,,,,91.0,150.0,416.0,2588.0,4424.0,6440.0,7356.0,7539.0,8862.0,10592.0,11875.0,12970.0,14034.0,14237.0,14271.0,14811.0,15218.0,15304.0,15633.0,15758.0,15774.0,15776.0,15934.0,16160.0,16388.0,16626.0,16641.0,16660.0,16663.0,17002.0,17355.0,17459.0,17459.0,18088.0,18511.0,18587.0,18621.0,20517.0,22462.0,23904.0,25234.0,25234.0,26394.0,26405.0,27126.0,27565.0,27896.0,28144.0,28369.0,28381.0,28382.0,28551.0,28679.0,28735.0,28871.0,28928.0,28933.0,28933.0,29029.0,29118.0,29194.0,29288.0,29288.0,29364.0,29366.0,29438.0,29519.0,29589.0,29659.0,29692.0,29693.0,29694.0,29733.0,29776.0,29813.0,29845.0,29845.0,29848.0,29848.0,29883.0,29926.0,29943.0,29995.0,30029.0,30034.0,30035.0,30075.0,30119.0,30145.0,30176.0,30193.0,30196.0
Personas vacunadas por estudio clínico,Primera,,,,,,,,0.0,0.0,0.0,0.0,0.0,0.0,0.0,0.0,0.0,0.0,0.0,0.0,0.0,0.0,0.0,0.0,0.0,0.0,0.0,0.0,0.0,0.0,0.0,0.0,0.0,0.0,0.0,0.0,0.0,0.0,0.0,0.0,0.0,0.0,0.0,0.0,0.0,0.0,0.0,0.0,0.0,0.0,0.0,0.0,0.0,0.0,0.0,0.0,0.0,0.0,0.0,0.0,0.0,0.0,0.0,0.0,0.0,0.0,0.0,0.0,0.0,0.0,0.0,0.0,0.0,0.0,0.0,0.0,0.0,0.0,0.0,0.0,0.0,0.0,0.0,0.0,0.0,0.0,0.0,0.0,0.0,0.0,0.0,0.0,0.0,0.0,0.0,2.0,5.0,5.0,5.0,5.0
Personas vacunadas por estudio clínico,Segunda,,,,,,,,0.0,0.0,0.0,0.0,0.0,0.0,0.0,0.0,0.0,0.0,0.0,0.0,0.0,0.0,0.0,0.0,0.0,0.0,0.0,0.0,0.0,0.0,0.0,0.0,0.0,0.0,0.0,0.0,0.0,0.0,0.0,0.0,0.0,0.0,0.0,0.0,0.0,0.0,0.0,0.0,0.0,0.0,0.0,0.0,0.0,0.0,0.0,0.0,0.0,0.0,0.0,0.0,0.0,0.0,0.0,0.0,0.0,0.0,0.0,0.0,0.0,0.0,0.0,0.0,0.0,0.0,0.0,0.0,0.0,0.0,0.0,0.0,0.0,0.0,0.0,0.0,0.0,0.0,0.0,0.0,0.0,0.0,0.0,0.0,0.0,0.0,0.0,0.0,0.0,0.0,0.0,0.0
Profesores y Parvularias,Primera,,,,,,,,313992.0,316745.0,317368.0,320781.0,322614.0,324842.0,325206.0,325277.0,326921.0,328825.0,330680.0,332399.0,334168.0,334502.0,334542.0,336012.0,337534.0,337966.0,339930.0,341091.0,341238.0,341242.0,342210.0,343128.0,344047.0,344891.0,344954.0,344969.0,344977.0,345557.0,346116.0,346246.0,346246.0,347118.0,347878.0,347963.0,347973.0,348361.0,348795.0,349167.0,349562.0,349562.0,349971.0,349976.0,350209.0,350408.0,350557.0,350708.0,350843.0,350865.0,350867.0,350994.0,351106.0,351195.0,351281.0,351442.0,351451.0,351454.0,351662.0,351747.0,351836.0,351917.0,351917.0,352047.0,352048.0,352126.0,352200.0,352277.0,352365.0,352437.0,352442.0,352442.0,352503.0,352552.0,352598.0,352661.0,352661.0,352674.0,352674.0,352735.0,352794.0,352729.0,352778.0,352811.0,352828.0,352827.0,352848.0,352873.0,352888.0,352900.0,352914.0,352916.0
Profesores y Parvularias,Segunda,,,,,,,,3.0,22.0,70.0,315.0,631.0,1054.0,1956.0,2016.0,25893.0,60411.0,88886.0,109616.0,119737.0,120602.0,120685.0,141957.0,160501.0,164752.0,182512.0,190741.0,191436.0,191522.0,208285.0,235698.0,264421.0,286440.0,287742.0,287907.0,287966.0,299519.0,305421.0,306499.0,306499.0,311785.0,314654.0,315081.0,315117.0,317308.0,319574.0,321642.0,323545.0,323545.0,325871.0,325898.0,327645.0,329372.0,330722.0,331806.0,333008.0,333157.0,333164.0,334271.0,335306.0,336311.0,337226.0,337665.0,337678.0,337685.0,338410.0,339001.0,339654.0,340272.0,340272.0,340996.0,341000.0,341484.0,342064.0,342547.0,343109.0,343413.0,343427.0,343427.0,343764.0,344083.0,344339.0,344613.0,344613.0,344684.0,344688.0,345074.0,345459.0,345671.0,345952.0,346274.0,346339.0,346353.0,346637.0,346906.0,347138.0,347296.0,347473.0,347513.0
Recolectores de basura,Primera,,,,,,,,0.0,0.0,0.0,0.0,0.0,0.0,0.0,0.0,0.0,0.0,0.0,0.0,0.0,0.0,0.0,0.0,0.0,0.0,0.0,0.0,0.0,0.0,0.0,0.0,0.0,0.0,0.0,0.0,0.0,0.0,0.0,0.0,0.0,0.0,0.0,0.0,0.0,0.0,0.0,0.0,0.0,0.0,0.0,0.0,0.0,0.0,0.0,0.0,0.0,0.0,0.0,0.0,0.0,0.0,0.0,0.0,0.0,0.0,0.0,0.0,0.0,0.0,0.0,0.0,0.0,0.0,0.0,0.0,0.0,0.0,0.0,0.0,0.0,0.0,0.0,0.0,0.0,0.0,0.0,0.0,0.0,0.0,0.0,0.0,0.0,0.0,0.0,0.0,0.0,0.0,0.0,0.0
Recolectores de basura,Segunda,,,,,,,,0.0,0.0,0.0,0.0,0.0,0.0,0.0,0.0,0.0,0.0,0.0,0.0,0.0,0.0,0.0,0.0,0.0,0.0,0.0,0.0,0.0,0.0,0.0,0.0,0.0,0.0,0.0,0.0,0.0,0.0,0.0,0.0,0.0,0.0,0.0,0.0,0.0,0.0,0.0,0.0,0.0,0.0,0.0,0.0,0.0,0.0,0.0,0.0,0.0,0.0,0.0,0.0,0.0,0.0,0.0,0.0,0.0,0.0,0.0,0.0,0.0,0.0,0.0,0.0,0.0,0.0,0.0,0.0,0.0,0.0,0.0,0.0,0.0,0.0,0.0,0.0,0.0,0.0,0.0,0.0,0.0,0.0,0.0,0.0,0.0,0.0,0.0,0.0,0.0,0.0,0.0,0.0
Otros funcionarios públicos,Primera,,,,,,,,0.0,0.0,0.0,0.0,0.0,0.0,0.0,0.0,0.0,0.0,0.0,0.0,0.0,0.0,0.0,0.0,0.0,0.0,0.0,0.0,0.0,0.0,0.0,0.0,0.0,0.0,0.0,0.0,0.0,0.0,0.0,0.0,0.0,0.0,0.0,0.0,0.0,0.0,0.0,0.0,0.0,0.0,0.0,0.0,0.0,0.0,0.0,0.0,0.0,0.0,0.0,0.0,0.0,0.0,0.0,0.0,0.0,0.0,0.0,0.0,0.0,0.0,0.0,0.0,0.0,0.0,0.0,0.0,0.0,0.0,0.0,0.0,0.0,0.0,0.0,0.0,0.0,0.0,0.0,0.0,0.0,0.0,0.0,0.0,0.0,0.0,0.0,0.0,0.0,0.0,0.0,0.0
Otros funcionarios públicos,Segunda,,,,,,,,0.0,0.0,0.0,0.0,0.0,0.0,0.0,0.0,0.0,0.0,0.0,0.0,0.0,0.0,0.0,0.0,0.0,0.0,0.0,0.0,0.0,0.0,0.0,0.0,0.0,0.0,0.0,0.0,0.0,0.0,0.0,0.0,0.0,0.0,0.0,0.0,0.0,0.0,0.0,0.0,0.0,0.0,0.0,0.0,0.0,0.0,0.0,0.0,0.0,0.0,0.0,0.0,0.0,0.0,0.0,0.0,0.0,0.0,0.0,0.0,0.0,0.0,0.0,0.0,0.0,0.0,0.0,0.0,0.0,0.0,0.0,0.0,0.0,0.0,0.0,0.0,0.0,0.0,0.0,0.0,0.0,0.0,0.0,0.0,0.0,0.0,0.0,0.0,0.0,0.0,0.0,0.0
Población entre 18 a 39 años.,Primera,,,,,,,,44309.0,44757.0,44926.0,45861.0,46546.0,47298.0,47468.0,47493.0,48372.0,50411.0,53062.0,55704.0,58059.0,58471.0,58558.0,61022.0,64408.0,66142.0,82807.0,100536.0,101855.0,101936.0,106626.0,110875.0,114864.0,119596.0,120146.0,120281.0,120302.0,123052.0,126143.0,126899.0,126899.0,131412.0,133991.0,134973.0,135150.0,137255.0,139803.0,142266.0,145000.0,145000.0,148383.0,148467.0,149629.0,150877.0,151802.0,152874.0,153734.0,154104.0,154120.0,154958.0,155889.0,154019.0,154979.0,156595.0,156866.0,156909.0,158187.0,159362.0,160625.0,162207.0,162207.0,164660.0,164726.0,214698.0,278104.0,343663.0,434559.0,475695.0,478156.0,478443.0,571713.0,681105.0,778959.0,877377.0,877377.0,905030.0,908170.0,1028728.0,1167180.0,1299788.0,1423639.0,1525362.0,1556350.0,1562972.0,1674356.0,1783955.0,1871144.0,1912601.0,1942317.0,1953717.0
Población entre 18 a 39 años.,Segunda,,,,,,,,658.0,1113.0,1335.0,2644.0,3704.0,4640.0,4823.0,4843.0,5725.0,6849.0,8016.0,9573.0,10714.0,10800.0,10809.0,12894.0,14895.0,15193.0,16181.0,17043.0,17116.0,17127.0,20520.0,26287.0,32615.0,37699.0,37951.0,37983.0,37992.0,40929.0,42342.0,42623.0,42623.0,44038.0,44760.0,44868.0,44893.0,45905.0,47744.0,49944.0,52343.0,52343.0,54812.0,54877.0,57427.0,60928.0,65796.0,75730.0,89191.0,90238.0,90373.0,97082.0,102381.0,105337.0,109818.0,111543.0,111638.0,111677.0,114358.0,117358.0,119979.0,122695.0,122695.0,125699.0,125716.0,127936.0,130831.0,133242.0,136688.0,138106.0,138274.0,138285.0,139630.0,141251.0,142554.0,143811.0,143811.0,144083.0,144100.0,145384.0,146842.0,148083.0,149123.0,150331.0,150511.0,150535.0,151756.0,153101.0,154401.0,155716.0,157621.0,158318.0
Población entre 40 a 49 años.,Primera,,,,,,,,34410.0,34567.0,34713.0,35508.0,36094.0,39506.0,39958.0,40000.0,43241.0,45177.0,46278.0,47166.0,47989.0,48207.0,48270.0,49476.0,52871.0,54704.0,60458.0,63331.0,63873.0,63917.0,66358.0,68550.0,70751.0,73020.0,73244.0,73319.0,73344.0,75250.0,77499.0,78424.0,78424.0,82602.0,85205.0,85919.0,86047.0,113683.0,140911.0,177285.0,199411.0,199411.0,217416.0,217633.0,228912.0,238578.0,246421.0,279466.0,299319.0,302106.0,302303.0,329190.0,353791.0,384033.0,403011.0,429740.0,430495.0,430852.0,487044.0,550571.0,616069.0,682166.0,682166.0,762167.0,763003.0,797006.0,824746.0,847789.0,874185.0,886715.0,887677.0,887840.0,901080.0,913746.0,926489.0,938364.0,938364.0,943335.0,944084.0,964811.0,987862.0,1008418.0,1027461.0,1047688.0,1054454.0,1055928.0,1072582.0,1085725.0,1095522.0,1101965.0,1106813.0,1108551.0
Población entre 40 a 49 años.,Segunda,,,,,,,,799.0,1325.0,1627.0,3313.0,4369.0,5391.0,5675.0,5717.0,6926.0,8743.0,13742.0,18010.0,19259.0,19365.0,19381.0,20635.0,21972.0,23119.0,28206.0,29500.0,29584.0,29588.0,30426.0,31127.0,31854.0,32536.0,32590.0,32599.0,32606.0,33364.0,33971.0,34182.0,34182.0,35203.0,38067.0,38332.0,38364.0,41360.0,43266.0,44494.0,45504.0,45504.0,46590.0,46630.0,47953.0,51133.0,55064.0,57856.0,60359.0,60693.0,60787.0,63457.0,65768.0,67837.0,69905.0,70686.0,70716.0,70732.0,72558.0,74698.0,77158.0,79741.0,79741.0,82843.0,82873.0,101044.0,127061.0,158067.0,184843.0,193197.0,193594.0,193695.0,205067.0,216996.0,227628.0,259270.0,259270.0,263094.0,263381.0,293088.0,322407.0,349490.0,367695.0,387549.0,390641.0,391132.0,429155.0,479467.0,533284.0,585739.0,637529.0,647863.0
Población entre 50 a 59 años.,Primera,,,,,,,,43732.0,55529.0,59269.0,70147.0,77620.0,80842.0,81936.0,82060.0,84281.0,85957.0,87271.0,88387.0,89442.0,89737.0,89795.0,94669.0,100088.0,117990.0,196059.0,253424.0,257764.0,257986.0,337067.0,405370.0,467877.0,541665.0,545167.0,545817.0,546217.0,577352.0,624323.0,643407.0,643407.0,707298.0,734167.0,739678.0,740163.0,754869.0,768895.0,779731.0,789739.0,789739.0,805878.0,806076.0,817934.0,828839.0,837764.0,845418.0,853175.0,854862.0,854988.0,859539.0,863060.0,866101.0,868918.0,878369.0,878671.0,878800.0,885266.0,890746.0,895735.0,900776.0,900776.0,908533.0,908656.0,914159.0,919505.0,925039.0,931893.0,935150.0,935416.0,935450.0,939609.0,943992.0,948645.0,953444.0,953444.0,955329.0,955624.0,965413.0,977054.0,987880.0,998304.0,1009869.0,1013602.0,1014390.0,1024159.0,1031569.0,1037323.0,1041128.0,1044133.0,1045166.0
Población entre 50 a 59 años.,Segunda,,,,,,,,1938.0,3234.0,3898.0,7011.0,8823.0,10488.0,11046.0,11130.0,14172.0,20225.0,23123.0,24964.0,26331.0,26491.0,26518.0,29453.0,33162.0,33738.0,35518.0,36714.0,36800.0,36806.0,37757.0,38644.0,39686.0,41057.0,41210.0,41269.0,41303.0,51227.0,59803.0,62803.0,62803.0,73860.0,77682.0,78473.0,78556.0,81385.0,83384.0,84832.0,86118.0,86118.0,87623.0,87693.0,92782.0,99413.0,135552.0,181013.0,228796.0,232638.0,232925.0,304709.0,367972.0,427902.0,493800.0,510890.0,511676.0,512019.0,541956.0,584129.0,631228.0,663129.0,663129.0,691573.0,691798.0,708901.0,727879.0,741532.0,758843.0,765814.0,766249.0,766303.0,777651.0,789874.0,800653.0,811104.0,811104.0,813047.0,813221.0,822965.0,831131.0,836738.0,841718.0,848981.0,850289.0,850454.0,856600.0,862819.0,868163.0,873057.0,878264.0,879538.0
Enfermos crónicos desde los 16 a 59 años,Primera,,,,,,,,21729.0,29597.0,37134.0,86273.0,117935.0,130803.0,131466.0,131604.0,140038.0,158339.0,174795.0,186711.0,193908.0,194218.0,194293.0,200695.0,213380.0,217217.0,235661.0,241495.0,242115.0,242118.0,245666.0,251883.0,256845.0,259456.0,259543.0,259552.0,259555.0,262972.0,270474.0,272675.0,272675.0,285115.0,292350.0,294200.0,294338.0,301215.0,310587.0,1420147.0,1431387.0,1431387.0,1444788.0,1445130.0,1452266.0,1458675.0,1463456.0,1468696.0,1473264.0,1474189.0,1474320.0,1478008.0,1481328.0,1462347.0,1465129.0,1469591.0,1469920.0,1470107.0,1473755.0,1476902.0,1479954.0,1482899.0,1482899.0,1487627.0,1487725.0,1491137.0,1495065.0,1498726.0,1503383.0,1505639.0,1505827.0,1505894.0,1509560.0,1513123.0,1516857.0,1521024.0,1521024.0,1522430.0,1522533.0,1527725.0,1533473.0,1538384.0,1542918.0,1547385.0,1548773.0,1549128.0,1552579.0,1555599.0,1557893.0,1559498.0,1560863.0,1561382.0
Enfermos crónicos desde los 16 a 59 años,Segunda,,,,,,,,17.0,18.0,18.0,19.0,19.0,19.0,19.0,19.0,796.0,2840.0,4616.0,7604.0,9216.0,9327.0,9329.0,11534.0,13299.0,13576.0,14137.0,14452.0,14477.0,14477.0,15010.0,17533.0,19675.0,21063.0,21088.0,21089.0,21092.0,28808.0,53843.0,64938.0,64938.0,109035.0,119391.0,120068.0,120114.0,130591.0,149559.0,794510.0,878019.0,878019.0,971683.0,972779.0,1027485.0,1072403.0,1110110.0,1141199.0,1169308.0,1173035.0,1173341.0,1199376.0,1221871.0,1227639.0,1246579.0,1254036.0,1254401.0,1254593.0,1269158.0,1284039.0,1298804.0,1313208.0,1313208.0,1328695.0,1328822.0,1340302.0,1354481.0,1366361.0,1381163.0,1387304.0,1387637.0,1387715.0,1396045.0,1404080.0,1410627.0,1417451.0,1417451.0,1418502.0,1418561.0,1425237.0,1431409.0,1435910.0,1439977.0,1444397.0,1445135.0,1445263.0,1449480.0,1453738.0,1457353.0,1460592.0,1463854.0,1464584.0
Enfermos crónicos desde los 18 a 59 años,Primera,,,,,,,,41970.0,102417.0,127080.0,227531.0,315261.0,411884.0,431082.0,433719.0,514792.0,596844.0,667421.0,742208.0,821120.0,838331.0,840590.0,878380.0,905446.0,914687.0,951060.0,973803.0,977941.0,978201.0,996758.0,1010985.0,1025948.0,1043079.0,1044546.0,1044955.0,1045220.0,1057294.0,1065335.0,1067737.0,1067737.0,1080102.0,1088025.0,1089490.0,1089694.0,1094213.0,1097573.0,0.0,0.0,,,,,,,,,,,,,,,,,,,,,,,,,,,,,,,,,,,,,,,,,,,,,,,,,,,
Enfermos crónicos desde los 18 a 59 años,Segunda,,,,,,,,508.0,970.0,1294.0,3440.0,5236.0,7136.0,7721.0,7764.0,10376.0,12958.0,14762.0,15870.0,16722.0,16903.0,16919.0,18221.0,19712.0,20153.0,22503.0,24032.0,24182.0,24210.0,27576.0,30327.0,33090.0,37434.0,37810.0,37920.0,38027.0,95067.0,151915.0,178821.0,178821.0,294551.0,386004.0,397227.0,398610.0,481241.0,558588.0,0.0,0.0,,,,,,,,,,,,,,,,,,,,,,,,,,,,,,,,,,,,,,,,,,,,,,,,,,,
Personas mayores de 60 años,Primera,,,,,,,,2510711.0,2544427.0,2554249.0,2596192.0,2616739.0,2636777.0,2643106.0,2643939.0,2660553.0,2676333.0,2690635.0,2703387.0,2716472.0,2719383.0,2719932.0,2731916.0,2742508.0,2746587.0,2763023.0,2771554.0,2772709.0,2772836.0,2781707.0,2789667.0,2796701.0,2802814.0,2803332.0,2803450.0,2803502.0,2809553.0,2815084.0,2816873.0,2816873.0,2825058.0,2830025.0,2830946.0,2831071.0,2835113.0,2839264.0,2842894.0,2846462.0,2846462.0,2851321.0,2851399.0,2855595.0,2859647.0,2862841.0,2865944.0,2868984.0,2869546.0,2869597.0,2871721.0,2873491.0,2874986.0,2876417.0,2880279.0,2880396.0,2880438.0,2884348.0,2886821.0,2889277.0,2891836.0,2891836.0,2895228.0,2895266.0,2898179.0,2901065.0,2903920.0,2907430.0,2909122.0,2909257.0,2909275.0,2911622.0,2913939.0,2916232.0,2918664.0,2918664.0,2919517.0,2919618.0,2925059.0,2931759.0,2937317.0,2943696.0,2950391.0,2952222.0,2952552.0,2958797.0,2963822.0,2968304.0,2971838.0,2974895.0,2975717.0
Personas mayores de 60 años,Segunda,,,,,,,,245988.0,389421.0,455050.0,742828.0,909937.0,1067693.0,1087943.0,1091731.0,1268621.0,1416782.0,1547017.0,1660607.0,1766861.0,1776582.0,1777978.0,1843054.0,1890624.0,1904939.0,1955318.0,1983423.0,1986224.0,1986512.0,2063573.0,2156206.0,2254982.0,2372910.0,2381291.0,2382502.0,2382998.0,2474969.0,2514037.0,2526228.0,2526228.0,2565864.0,2587995.0,2592074.0,2592567.0,2611983.0,2629164.0,2644872.0,2658777.0,2658777.0,2674515.0,2674858.0,2688474.0,2700381.0,2711547.0,2720940.0,2729805.0,2730940.0,2731054.0,2740460.0,2748886.0,2756246.0,2762629.0,2765528.0,2765695.0,2765748.0,2772429.0,2778052.0,2783685.0,2788806.0,2788806.0,2794041.0,2794086.0,2798204.0,2803291.0,2807355.0,2812796.0,2815071.0,2815199.0,2815223.0,2819190.0,2823562.0,2827344.0,2831393.0,2831393.0,2831994.0,2832044.0,2836063.0,2839600.0,2841049.0,2843368.0,2846716.0,2847178.0,2847265.0,2850215.0,2853233.0,2856023.0,2858722.0,2861472.0,2862005.0
Capullo de inmunocomprometido pediátrico,Primera,,,,,,,,,,,,,,9.0,9.0,125.0,353.0,725.0,1218.0,1869.0,2010.0,2028.0,2889.0,3724.0,3987.0,5398.0,6163.0,6252.0,6254.0,6945.0,7641.0,8281.0,8920.0,8971.0,8976.0,8980.0,9474.0,9946.0,10060.0,10060.0,10740.0,11148.0,11212.0,11221.0,11488.0,11819.0,12122.0,12122.0,,,,,,,,,,,,,,,,,,,,,,,,,,,,,,,,,,,,,,,,,,,,,,,,,,,
Capullo de inmunocomprometido pediátrico,Segunda,,,,,,,,,,,,,,0.0,0.0,1.0,2.0,2.0,4.0,4.0,4.0,4.0,4.0,4.0,4.0,4.0,4.0,4.0,4.0,4.0,4.0,4.0,5.0,5.0,5.0,5.0,6.0,6.0,6.0,6.0,6.0,12.0,14.0,14.0,119.0,325.0,620.0,620.0,,,,,,,,,,,,,,,,,,,,,,,,,,,,,,,,,,,,,,,,,,,,,,,,,,,
Estrategias Capullo para niños(as) y adolescentes,Primera,,,,,,,,,,,,,,,,,,,,,,,,,,,,,,,,,,,,,,,,,,,,,,,,12454.0,12454.0,12803.0,12812.0,13020.0,13210.0,13342.0,13488.0,13674.0,13716.0,13717.0,13855.0,14039.0,13679.0,13807.0,13944.0,13948.0,13953.0,14096.0,14246.0,14376.0,14500.0,14500.0,14648.0,14649.0,14756.0,14836.0,14914.0,15014.0,15073.0,15085.0,15085.0,15134.0,15195.0,15334.0,15461.0,15461.0,15552.0,15555.0,15588.0,15629.0,15665.0,15693.0,15724.0,15726.0,15727.0,15761.0,15790.0,15812.0,15829.0,15842.0,15848.0
Estrategias Capullo para niños(as) y adolescentes,Segunda,,,,,,,,,,,,,,,,,,,,,,,,,,,,,,,,,,,,,,,,,,,,,,,,1085.0,1085.0,1788.0,1792.0,2654.0,3446.0,4249.0,4959.0,5624.0,5718.0,5725.0,6406.0,7041.0,7392.0,7967.0,8148.0,8159.0,8162.0,8630.0,9063.0,9435.0,9816.0,9816.0,10247.0,10248.0,10503.0,10836.0,11136.0,11495.0,11664.0,11668.0,11669.0,11914.0,12145.0,12308.0,12538.0,12538.0,12577.0,12580.0,12788.0,13019.0,13189.0,13334.0,13455.0,13474.0,13485.0,13617.0,13777.0,13909.0,14018.0,14122.0,14149.0
