Rango_etario,Total,Total,15-17,15-17,18-39,18-39,40-49,40-49,50-59,50-59,60-69,60-69,70-72,70-72,73-74,73-74,75-77,75-77,78-80,78-80,81-84,81-84,85-86,85-86,87-89,87-89,90 y más,90 y más,15-20,15-20,21-30,21-30,31-40,31-40,41-50,41-50,51-60,51-60,61-70,61-70,71-72,71-72,78-79,78-79,80 y más,80 y más,80 y más años,80 y más años,70-79,70-79
Dosis,Primera,Segunda,Primera,Segunda,Primera,Segunda,Primera,Segunda,Primera,Segunda,Primera,Segunda,Primera,Segunda,Primera,Segunda,Primera,Segunda,Primera,Segunda,Primera,Segunda,Primera,Segunda,Primera,Segunda,Primera,Segunda,Primera,Segunda,Primera,Segunda,Primera,Segunda,Primera,Segunda,Primera,Segunda,Primera,Segunda,Primera,Segunda,Primera,Segunda,Primera,Segunda,Primera,Segunda,Primera,Segunda
2021-02-15,2092453.0,54819.0,139.0,11.0,419404.0,34798.0,166075.0,9942.0,131983.0,6844.0,294904.0,2534.0,243617.0,165.0,154026.0,73.0,200180.0,86.0,161011.0,72.0,148671.0,93.0,52643.0,37.0,57704.0,51.0,62096.0,113.0,,,,,,,,,,,,,,,,,,,,,,
2021-02-16,2320696.0,55028.0,150.0,18.0,453907.0,34887.0,184883.0,9976.0,149873.0,6877.0,411067.0,2554.0,259228.0,168.0,159409.0,74.0,206399.0,88.0,165565.0,78.0,152648.0,98.0,54004.0,40.0,59322.0,53.0,64241.0,117.0,,,,,,,,,,,,,,,,,,,,,,
2021-02-21,2835865.0,55242.0,,,,,,,,,,,,,170131.0,74.0,219671.0,89.0,,,,,,,,,,,15455.0,312.0,246397.0,17882.0,288049.0,18233.0,214858.0,9422.0,198617.0,6561.0,768309.0,2176.0,187202.0,107.0,120810.0,52.0,406366.0,334.0,,,,
2021-02-22,2938813.0,55326.0,,,,,,,,,,,,,173427.0,74.0,223648.0,89.0,,,,,,,,,,,15793.0,312.0,249843.0,17902.0,292868.0,18261.0,221316.0,9439.0,224233.0,6573.0,810522.0,2182.0,191001.0,107.0,122883.0,52.0,413279.0,335.0,,,,
2021-02-23,3037063.0,55463.0,,,,,,,,,,,,,175887.0,77.0,226724.0,90.0,,,,,,,,,,,16014.0,312.0,253479.0,17934.0,298373.0,18294.0,235117.0,9457.0,255178.0,6586.0,838195.0,2194.0,193844.0,112.0,124646.0,54.0,419606.0,353.0,,,,
2021-02-24,3123895.0,55693.0,,,,,,,,,,,,,177825.0,78.0,229206.0,91.0,,,,,,,,,,,16306.0,315.0,256967.0,18002.0,304112.0,18365.0,267140.0,9489.0,266246.0,6612.0,858765.0,2201.0,196098.0,114.0,126091.0,57.0,425139.0,369.0,,,,
2021-02-25,3152171.0,55761.0,,,,,,,,,,,,,178480.0,78.0,229988.0,91.0,,,,,,,,,,,16393.0,316.0,258317.0,18020.0,307912.0,18392.0,276562.0,9502.0,269130.0,6618.0,865468.0,2203.0,196843.0,114.0,126501.0,57.0,426577.0,370.0,,,,
2021-02-26,3289086.0,55941.0,,,,,,,,,,,,,181539.0,79.0,233812.0,91.0,,,,,,,,,,,16990.0,317.0,269738.0,18067.0,331937.0,18456.0,308936.0,9539.0,286838.0,6642.0,895962.0,2209.0,200368.0,114.0,128628.0,57.0,434338.0,370.0,,,,
2021-02-27,3303645.0,55955.0,,,,,,,,,,,,,181731.0,79.0,234011.0,91.0,,,,,,,,,,,18013.0,317.0,272835.0,18073.0,335160.0,18461.0,311066.0,9542.0,288504.0,6642.0,898041.0,2209.0,200549.0,114.0,128748.0,57.0,434987.0,370.0,,,,
2021-02-28,3305214.0,56064.0,,,,,,,,,,,,,181751.0,79.0,234038.0,91.0,,,,,,,,,,,18076.0,317.0,273182.0,18090.0,335508.0,18498.0,311319.0,9569.0,288696.0,6665.0,898242.0,2214.0,200576.0,114.0,128763.0,57.0,435063.0,370.0,,,,
2021-03-01,3433987.0,56585.0,,,,,,,,,,,,,182720.0,79.0,235307.0,92.0,,,,,,,,,,,18510.0,320.0,278598.0,18252.0,364440.0,18675.0,317157.0,9658.0,296496.0,6718.0,972013.0,2246.0,201726.0,116.0,129452.0,58.0,437568.0,371.0,,,,
2021-03-02,3592523.0,67785.0,,,,,,,,,,,,,183617.0,133.0,236368.0,172.0,,,,,,,,,,,19072.0,367.0,286047.0,21519.0,406062.0,22183.0,322998.0,11560.0,304589.0,8101.0,1060928.0,2918.0,202787.0,177.0,130068.0,101.0,439987.0,554.0,,,,
2021-03-03,3749492.0,211353.0,,,,,,,,,,,,,184483.0,3014.0,237347.0,4148.0,,,,,,,,,,,19610.0,1019.0,310675.0,50388.0,427168.0,50670.0,328259.0,27405.0,313104.0,20716.0,1152141.0,12175.0,203803.0,3249.0,130614.0,2495.0,442288.0,36074.0,,,,
2021-03-04,3894967.0,375057.0,,,,,,,,,,,,,185350.0,7926.0,238375.0,11440.0,,,,,,,,,,,20137.0,1866.0,334780.0,76417.0,437111.0,74786.0,333303.0,41248.0,324175.0,32151.0,1241132.0,24453.0,204814.0,8332.0,131201.0,7253.0,444589.0,89185.0,,,,
2021-03-05,4031812.0,535600.0,,,,,,,,,,,,,186148.0,14379.0,239374.0,20938.0,,,,,,,,,,,21261.0,2780.0,347126.0,98997.0,446431.0,94898.0,338279.0,53322.0,393219.0,42332.0,1275738.0,36852.0,205797.0,14906.0,131747.0,13480.0,446692.0,142716.0,,,,
2021-03-06,4047653.0,565593.0,,,,,,,,,,,,,186278.0,16106.0,239525.0,23581.0,,,,,,,,,,,21432.0,2976.0,348900.0,102068.0,447892.0,97847.0,339300.0,55317.0,398599.0,44271.0,1280882.0,40816.0,205937.0,16703.0,131831.0,15046.0,447077.0,150862.0,,,,
2021-03-07,4050296.0,574628.0,,,,,,,,,,,,,186310.0,16767.0,239558.0,24585.0,,,,,,,,,,,21467.0,2994.0,349242.0,102556.0,448175.0,98410.0,339565.0,55733.0,399318.0,44689.0,1281723.0,42758.0,205957.0,17497.0,131844.0,15622.0,447137.0,153017.0,,,,
2021-03-08,4176094.0,772389.0,,,,,,,,,,,,,187035.0,26403.0,240488.0,38906.0,,,,,,,,,,,21994.0,3991.0,353401.0,116136.0,452324.0,113385.0,345157.0,67158.0,486642.0,54602.0,1300987.0,59368.0,206846.0,26928.0,132377.0,26380.0,448843.0,239132.0,,,,
2021-03-09,4225613.0,864070.0,,,,,,,,,,,,,187283.0,31050.0,240767.0,47598.0,,,,,,,,,,,22152.0,4667.0,354702.0,121994.0,453706.0,120169.0,347330.0,73005.0,523748.0,59660.0,1306854.0,67996.0,207101.0,31389.0,132587.0,47125.0,449383.0,259417.0,,,,
2021-03-10,4451961.0,1270251.0,,,,,,,,,,,,,188533.0,57568.0,242506.0,151291.0,,,,,,,,,,,23089.0,6707.0,363050.0,148123.0,463103.0,153240.0,362292.0,101143.0,683349.0,82617.0,1331380.0,112284.0,208538.0,53113.0,133580.0,90450.0,452541.0,313715.0,,,,
2021-03-11,4618528.0,1515874.0,,,,,,,,,,,,,189339.0,124188.0,243446.0,174206.0,,,,,,,,,,,23832.0,8123.0,369036.0,164199.0,470043.0,174909.0,391073.0,120081.0,790231.0,98742.0,1343560.0,148079.0,209366.0,73193.0,134137.0,98033.0,454465.0,332121.0,,,,
2021-03-12,4774004.0,1742245.0,,,,,,,,,,,,,190080.0,140250.0,244345.0,185867.0,,,,,,,,,,,24769.0,9176.0,375291.0,178688.0,477211.0,193696.0,461264.0,136669.0,844114.0,113265.0,1355693.0,191772.0,210362.0,142725.0,134661.0,103434.0,456214.0,346703.0,,,,
2021-03-13,4804999.0,1776944.0,,,,,,,,,,,,,190242.0,142138.0,244525.0,187728.0,,,,,,,,,,,25011.0,9635.0,376577.0,181603.0,478794.0,197751.0,469607.0,140146.0,859097.0,116716.0,1359200.0,199893.0,210571.0,147113.0,134767.0,104306.0,456608.0,349915.0,,,,
2021-03-14,4809176.0,1782612.0,,,,,,,,,,,,,190266.0,142399.0,244561.0,188018.0,,,,,,,,,,,25037.0,9671.0,376777.0,181988.0,479002.0,198282.0,470577.0,140675.0,861203.0,117152.0,1359702.0,201897.0,210593.0,147537.0,134786.0,104452.0,456672.0,350541.0,,,,
2021-03-15,4954541.0,2040279.0,,,,,,,,,,,,,190920.0,150061.0,245296.0,195776.0,,,,,,,,,,,26340.0,10635.0,384863.0,194117.0,491709.0,217009.0,541335.0,158892.0,899282.0,143129.0,1370305.0,339653.0,211324.0,161604.0,135196.0,108249.0,457971.0,361154.0,,,,
2021-03-16,5120765.0,2287249.0,,,,,,,,,,,,,191527.0,155849.0,246043.0,202212.0,,,,,,,,,,,28261.0,11617.0,396187.0,208212.0,546567.0,238964.0,589460.0,182932.0,935222.0,178525.0,1380519.0,456246.0,212018.0,169536.0,135599.0,111524.0,459362.0,371632.0,,,,
2021-03-17,5274603.0,2504926.0,,,,,,,,,,,,,192055.0,160117.0,246751.0,207208.0,,,,,,,,,,,30579.0,12487.0,414991.0,220727.0,603675.0,258526.0,621951.0,214283.0,965553.0,199767.0,1389594.0,562265.0,212677.0,175058.0,136014.0,114167.0,460763.0,380321.0,,,,
2021-03-18,5424393.0,2692923.0,,,,,,,,,,,,,192595.0,163717.0,247327.0,211553.0,,,,,,,,,,,33721.0,13495.0,469175.0,232414.0,630944.0,278293.0,649509.0,239099.0,991759.0,215208.0,1397777.0,654804.0,213269.0,179497.0,136348.0,116476.0,461969.0,388367.0,,,,
2021-03-19,5567247.0,2850974.0,,,,,,,,,,,,,193128.0,166806.0,247916.0,215331.0,,,,,,,,,,,56899.0,14463.0,497190.0,242196.0,656234.0,292711.0,678521.0,251620.0,1017593.0,227932.0,1406014.0,742810.0,213888.0,183338.0,136683.0,118388.0,463181.0,395379.0,,,,
2021-03-20,5596657.0,2867453.0,,,,,,,,,,,,,193216.0,167247.0,248034.0,215861.0,,,,,,,,,,,58755.0,15190.0,502424.0,243809.0,662842.0,294286.0,685550.0,252947.0,1023765.0,229308.0,1407867.0,749735.0,214009.0,183843.0,136737.0,118633.0,463458.0,396594.0,,,,
2021-03-21,5601093.0,2869773.0,,,,,,,,,,,,,193238.0,167310.0,248065.0,215950.0,,,,,,,,,,,59004.0,15276.0,503190.0,244041.0,663735.0,294497.0,686627.0,253144.0,1024766.0,229507.0,1408175.0,750661.0,214029.0,183909.0,136751.0,118683.0,463513.0,396795.0,,,,
2021-03-22,5739672.0,2986085.0,,,,,,,,,,,,,193709.0,170709.0,248650.0,220004.0,,,,,,,,,,,66020.0,15816.0,527442.0,250771.0,696118.0,308704.0,718243.0,262438.0,1057553.0,249486.0,1415861.0,795599.0,214556.0,187900.0,137050.0,120790.0,464470.0,403868.0,,,,
2021-03-23,5889862.0,3078772.0,,,,,,,,,,,,,194156.0,173377.0,249146.0,223257.0,,,,,,,,,,,73752.0,16149.0,557079.0,256493.0,733014.0,321203.0,756246.0,272426.0,1086035.0,265745.0,1422561.0,826142.0,215047.0,190918.0,137315.0,122634.0,465511.0,410428.0,,,,
2021-03-24,5948696.0,3105216.0,,,,,,,,,,,,,194306.0,174163.0,249347.0,224231.0,,,,,,,,,,,75393.0,16251.0,563382.0,257902.0,742772.0,323599.0,766792.0,277611.0,1113363.0,268834.0,1424876.0,835271.0,215217.0,191886.0,137415.0,123211.0,465833.0,412257.0,,,,
2021-03-25,6202268.0,3201581.0,,,,,,,,,,,,,194880.0,177163.0,250132.0,228039.0,,,,,,,,,,,83488.0,16734.0,598867.0,263136.0,790480.0,333691.0,806721.0,298531.0,1221896.0,278643.0,1434541.0,864534.0,215897.0,195236.0,137849.0,125336.0,467517.0,420538.0,,,,
2021-03-26,6367875.0,3253476.0,,,,,,,,,,,,,195183.0,178763.0,250483.0,230106.0,,,,,,,,,,,94205.0,16967.0,631772.0,267067.0,812603.0,340088.0,828519.0,305734.0,1292691.0,284932.0,1439705.0,881283.0,216303.0,197210.0,138067.0,126531.0,468344.0,424795.0,,,,
2021-03-27,6386738.0,3258277.0,,,,,,,,,,,,,195213.0,178912.0,250520.0,230263.0,,,,,,,,,,,95120.0,16985.0,635555.0,267423.0,816117.0,340672.0,831983.0,306284.0,1298949.0,285476.0,1440387.0,882949.0,216344.0,197373.0,138090.0,126640.0,468460.0,425300.0,,,,
2021-03-28,6387953.0,3258782.0,,,,,,,,,,,,,195218.0,178930.0,250525.0,230276.0,,,,,,,,,,,95170.0,16988.0,635753.0,267454.0,816354.0,340736.0,832206.0,306334.0,1299341.0,285550.0,1440453.0,883135.0,216353.0,197386.0,138092.0,126644.0,468488.0,425349.0,,,,
2021-03-29,6534522.0,3370569.0,,,,,,,,,,,,,195536.0,180032.0,250897.0,231679.0,,,,,,,,,,,98363.0,17299.0,649338.0,271670.0,832789.0,360025.0,848979.0,311584.0,1388378.0,292862.0,1446009.0,951209.0,216732.0,198673.0,138296.0,127439.0,469205.0,428097.0,,,,
2021-03-30,6668300.0,3513361.0,,,,,,,,,,,,,195846.0,181006.0,251231.0,232852.0,,,,,,,,,,,101538.0,17721.0,663949.0,278705.0,849263.0,391227.0,865092.0,317028.0,1464923.0,301257.0,1450993.0,1034949.0,217064.0,199861.0,138477.0,128083.0,469924.0,430672.0,,,,
2021-03-31,6795818.0,3665965.0,,,,,,,,,,,,,196100.0,181915.0,251558.0,233949.0,,,,,,,,,,,104891.0,18284.0,679400.0,300196.0,866344.0,411263.0,881200.0,322404.0,1534315.0,312101.0,1455335.0,1123002.0,217383.0,201024.0,138676.0,128725.0,470616.0,433102.0,,,,
2021-04-01,6928520.0,3832331.0,,,,,,,,,,,,,196343.0,182882.0,251856.0,235153.0,,,,,,,,,,,108186.0,19188.0,693875.0,322243.0,881079.0,423695.0,895773.0,328097.0,1614685.0,342738.0,1459041.0,1211105.0,217643.0,202186.0,138826.0,129400.0,471213.0,435644.0,,,,
2021-04-02,6937113.0,3843651.0,,,,,,,,,,,,,196374.0,182957.0,251877.0,235261.0,,,,,,,,,,,108510.0,19239.0,695205.0,323425.0,882390.0,424491.0,896911.0,328453.0,1618721.0,346626.0,1459334.0,1215533.0,217670.0,202285.0,138842.0,129461.0,471279.0,435920.0,,,,
2021-04-03,6939461.0,3845480.0,,,,,,,,,,,,,196377.0,182971.0,251880.0,235286.0,,,,,,,,,,,108614.0,19302.0,695660.0,323600.0,882828.0,424632.0,897377.0,328527.0,1619509.0,347276.0,1459410.0,1216158.0,217670.0,202309.0,138843.0,129469.0,471293.0,435950.0,,,,
2021-04-04,6940748.0,3846294.0,,,,,,,,,,,,,196381.0,182979.0,251884.0,235297.0,,,,,,,,,,,108658.0,19310.0,695896.0,323664.0,883084.0,424694.0,897615.0,328594.0,1619975.0,347546.0,1459434.0,1216449.0,217671.0,202317.0,138845.0,129474.0,471305.0,435970.0,,,,
2021-04-05,7017559.0,4042671.0,,,,,,,,,,,,,196635.0,184180.0,252160.0,236669.0,,,,,,,,,,,110874.0,20343.0,706086.0,335816.0,895037.0,434939.0,911162.0,337041.0,1653679.0,459750.0,1463163.0,1261272.0,217944.0,203653.0,138985.0,130280.0,471834.0,438728.0,,,,
2021-04-06,7111354.0,4192320.0,,,,,,,,,,,,,196826.0,185039.0,252444.0,237711.0,,,,,,,,,,,113473.0,20988.0,716544.0,343075.0,906982.0,442341.0,926414.0,345641.0,1702410.0,556908.0,1466533.0,1284237.0,218175.0,204591.0,139119.0,130848.0,472434.0,440941.0,,,,
2021-04-07,7144047.0,4252025.0,,,,,,,,,,,,,196902.0,185336.0,252531.0,238131.0,,,,,,,,,,,114052.0,21252.0,719278.0,345171.0,910297.0,444665.0,942607.0,349502.0,1710775.0,598335.0,1467611.0,1291865.0,218253.0,205010.0,139157.0,131089.0,472584.0,441669.0,,,,
2021-04-08,7144047.0,4252025.0,,,,,,,,,,,,,196902.0,185336.0,252531.0,238131.0,,,,,,,,,,,114052.0,21252.0,719278.0,345171.0,910297.0,444665.0,942607.0,349502.0,1710775.0,598335.0,1467611.0,1291865.0,218253.0,205010.0,139157.0,131089.0,472584.0,441669.0,,,,
2021-04-09,7284213.0,4494062.0,,,,,,,,,,,,,197201.0,186628.0,252926.0,239858.0,,,,,,,,,,,118397.0,22438.0,737229.0,355200.0,929695.0,455997.0,990579.0,382824.0,1754139.0,751835.0,1472549.0,1315888.0,218666.0,206481.0,139376.0,131996.0,473456.0,444917.0,,,,
2021-04-10,7354826.0,4643082.0,,,,,,,,,,,,,197401.0,187387.0,253137.0,240796.0,,,,,,,,,,,121059.0,23228.0,747613.0,361012.0,941028.0,463022.0,1007515.0,443675.0,1779175.0,807695.0,1475560.0,1329428.0,218863.0,207388.0,139506.0,132554.0,473969.0,446897.0,,,,
2021-04-11,7369321.0,4662274.0,,,,,,,,,,,,,197428.0,187512.0,253186.0,240923.0,,,,,,,,,,,121700.0,23305.0,749712.0,361713.0,943357.0,463864.0,1011064.0,448449.0,1784249.0,817062.0,1476128.0,1332019.0,218897.0,207519.0,139529.0,132635.0,474071.0,447273.0,,,,
2021-04-12,7370951.0,4664573.0,,,,,,,,,,,,,197431.0,187533.0,253191.0,240946.0,,,,,,,,,,,121785.0,23320.0,749955.0,361811.0,943659.0,464005.0,1011498.0,449024.0,1784716.0,818127.0,1476200.0,1332287.0,218905.0,207544.0,139532.0,132646.0,474079.0,447330.0,,,,
2021-04-13,7444769.0,4815079.0,,,,,,,,,,,,,197629.0,188268.0,253376.0,241782.0,,,,,,,,,,,123776.0,24569.0,757803.0,369931.0,952461.0,477168.0,1049320.0,515292.0,1798540.0,863190.0,1478686.0,1344492.0,219082.0,208388.0,139659.0,133155.0,474437.0,448844.0,,,,
2021-04-14,7521754.0,4975239.0,,,,,,,,,,,,,197787.0,188911.0,253628.0,242592.0,,,,,,,,,,,126141.0,26688.0,767090.0,380907.0,963375.0,523910.0,1086564.0,561844.0,1812080.0,901845.0,1481270.0,1355522.0,219265.0,209116.0,139780.0,133589.0,474774.0,450315.0,,,,
2021-04-15,7600908.0,5126051.0,,,,,,,,,,,,,197959.0,189503.0,253824.0,243327.0,,,,,,,,,,,128382.0,28897.0,775505.0,398759.0,972934.0,574851.0,1131596.0,595821.0,1822815.0,933829.0,1483410.0,1365499.0,219426.0,209854.0,139917.0,134019.0,475140.0,451692.0,,,,
2021-04-16,7664226.0,5270056.0,,,,,,,,,,,,,198131.0,190097.0,254007.0,243986.0,,,,,,,,,,,130760.0,32299.0,784093.0,444277.0,982402.0,602227.0,1161396.0,623968.0,1832763.0,960989.0,1485543.0,1374218.0,219610.0,210511.0,139997.0,134418.0,475524.0,453066.0,,,,
2021-04-17,7664226.0,5270056.0,,,,,,,,,,,,,198131.0,190097.0,254007.0,243986.0,,,,,,,,,,,130760.0,32299.0,784093.0,444277.0,982402.0,602227.0,1161396.0,623968.0,1832763.0,960989.0,1485543.0,1374218.0,219610.0,210511.0,139997.0,134418.0,475524.0,453066.0,,,,
2021-04-18,7733990.0,5426216.0,,,,,,,,,,,,,198300.0,190762.0,254242.0,244708.0,,,,,,,,,,,133522.0,52523.0,794047.0,474379.0,992829.0,631251.0,1188212.0,656532.0,1848354.0,991306.0,1488588.0,1384097.0,219857.0,211269.0,140118.0,134833.0,475921.0,454556.0,,,,
2021-04-19,7735162.0,5428829.0,,,,,,,,,,,,,198301.0,190779.0,254244.0,244728.0,,,,,,,,,,,133595.0,52639.0,794280.0,474837.0,993081.0,631809.0,1188575.0,657101.0,1848540.0,991903.0,1488640.0,1384321.0,219858.0,211281.0,140117.0,134844.0,475931.0,454587.0,,,,
2021-04-20,7777919.0,5574683.0,,,,,,,,,,,,,198480.0,191302.0,254459.0,245338.0,,,,,,,,,,,134616.0,60410.0,798765.0,499534.0,998139.0,664687.0,1205302.0,690738.0,1860328.0,1026799.0,1491352.0,1393139.0,220043.0,211893.0,140213.0,135170.0,476222.0,455673.0,,,,
2021-04-21,15932698.0,7845951.0,731858.0,25277.0,6677530.0,1829190.0,2658453.0,1146655.0,2392614.0,1865365.0,1857879.0,1570071.0,,,198480.0,191302.0,254459.0,245338.0,,,,,,,,,,,134616.0,60410.0,798765.0,499534.0,998139.0,664687.0,1205302.0,690738.0,1860328.0,1026799.0,1491352.0,1393139.0,220043.0,211893.0,140213.0,135170.0,476222.0,455673.0,568070.0,476931.0,1046294.0,932462.0
2021-04-22,15932698.0,7899354.0,731858.0,25473.0,6677530.0,1839719.0,2658453.0,1171854.0,2392614.0,1878547.0,1857879.0,1573260.0,,,,,,,,,,,,,,,,,,,,,,,,,,,,,,,,,,,568070.0,477296.0,1046294.0,933205.0
2021-04-23,15932698.0,7905200.0,731858.0,25591.0,6677530.0,1834706.0,2658453.0,1188452.0,2392614.0,1877210.0,1857879.0,1570529.0,,,,,,,,,,,,,,,,,,,,,,,,,,,,,,,,,,,568070.0,477186.0,1046294.0,931526.0
2021-04-24,15932698.0,7946284.0,731858.0,25695.0,6677530.0,1841605.0,2658453.0,1210815.0,2392614.0,1885843.0,1857879.0,1572732.0,,,,,,,,,,,,,,,,,,,,,,,,,,,,,,,,,,,568070.0,477496.0,1046294.0,932098.0
2021-04-25,15932698.0,7953379.0,731858.0,25735.0,6677530.0,1843036.0,2658453.0,1214006.0,2392614.0,1887713.0,1857879.0,1573147.0,,,,,,,,,,,,,,,,,,,,,,,,,,,,,,,,,,,568070.0,477546.0,1046294.0,932196.0
2021-04-26,15932698.0,7953916.0,731858.0,25735.0,6677530.0,1843190.0,2658453.0,1214221.0,2392614.0,1887829.0,1857879.0,1573178.0,,,,,,,,,,,,,,,,,,,,,,,,,,,,,,,,,,,568070.0,477551.0,1046294.0,932212.0
2021-04-27,15200840.0,7995746.0,0.0,25905.0,6677530.0,1848676.0,2658453.0,1243161.0,2392614.0,1892953.0,1857879.0,1574636.0,,,,,,,,,,,,,,,,,,,,,,,,,,,,,,,,,,,568070.0,477737.0,1046294.0,932678.0
2021-04-28,15200840.0,8035014.0,0.0,26101.0,6677530.0,1855190.0,2658453.0,1269829.0,2392614.0,1897043.0,1857879.0,1575859.0,,,,,,,,,,,,,,,,,,,,,,,,,,,,,,,,,,,568070.0,477915.0,1046294.0,933077.0
2021-04-29,15200840.0,8052578.0,0.0,0.0,6677530.0,1861487.0,2658453.0,1302130.0,2392614.0,1900578.0,1857879.0,1576863.0,,,,,,,,,,,,,,,,,,,,,,,,,,,,,,,,,,,568070.0,478107.0,1046294.0,933413.0
2021-04-30,15200840.0,8083408.0,0.0,0.0,6677530.0,1867022.0,2658453.0,1322686.0,2392614.0,1903921.0,1857879.0,1577746.0,,,,,,,,,,,,,,,,,,,,,,,,,,,,,,,,,,,568070.0,478305.0,1046294.0,933728.0
2021-05-01,15200840.0,8133995.0,0.0,0.0,6677530.0,1874809.0,2658453.0,1351317.0,2392614.0,1914212.0,1857879.0,1580527.0,,,,,,,,,,,,,,,,,,,,,,,,,,,,,,,,,,,568070.0,478614.0,1046294.0,934516.0
2021-05-02,15200840.0,8136214.0,0.0,0.0,6677530.0,1875643.0,2658453.0,1352230.0,2392614.0,1914568.0,1857879.0,1580608.0,,,,,,,,,,,,,,,,,,,,,,,,,,,,,,,,,,,568070.0,478627.0,1046294.0,934538.0
2021-05-03,15200840.0,8137185.0,0.0,0.0,6677530.0,1876013.0,2658453.0,1352649.0,2392614.0,1914713.0,1857879.0,1580635.0,,,,,,,,,,,,,,,,,,,,,,,,,,,,,,,,,,,568070.0,478632.0,1046294.0,934543.0
2021-05-04,15200840.0,8213066.0,0.0,0.0,6677530.0,1882231.0,2658453.0,1411059.0,2392614.0,1922031.0,1857879.0,1583230.0,,,,,,,,,,,,,,,,,,,,,,,,,,,,,,,,,,,568070.0,479029.0,1046294.0,935486.0
2021-05-05,15200840.0,8293282.0,0.0,0.0,6677530.0,1888183.0,2658453.0,1476782.0,2392614.0,1928097.0,1857879.0,1584951.0,,,,,,,,,,,,,,,,,,,,,,,,,,,,,,,,,,,568070.0,479256.0,1046294.0,936013.0
2021-05-06,15200840.0,8374316.0,0.0,0.0,6677530.0,1893873.0,2658453.0,1544184.0,2392614.0,1933603.0,1857879.0,1586592.0,,,,,,,,,,,,,,,,,,,,,,,,,,,,,,,,,,,568070.0,479508.0,1046294.0,936556.0
2021-05-07,15200840.0,8456742.0,0.0,0.0,6677530.0,1900345.0,2658453.0,1612094.0,2392614.0,1939104.0,1857879.0,1588329.0,,,,,,,,,,,,,,,,,,,,,,,,,,,,,,,,,,,568070.0,479752.0,1046294.0,937118.0
2021-05-08,15200840.0,8456742.0,0.0,0.0,6677530.0,1900345.0,2658453.0,1612094.0,2392614.0,1939104.0,1857879.0,1588329.0,,,,,,,,,,,,,,,,,,,,,,,,,,,,,,,,,,,568070.0,479752.0,1046294.0,937118.0
2021-05-09,15200840.0,8559854.0,0.0,0.0,6677530.0,1909426.0,2658453.0,1694336.0,2392614.0,1947492.0,1857879.0,1590784.0,,,,,,,,,,,,,,,,,,,,,,,,,,,,,,,,,,,568070.0,480030.0,1046294.0,937786.0
2021-05-10,15200840.0,8561191.0,0.0,0.0,6677530.0,1909707.0,2658453.0,1695224.0,2392614.0,1947623.0,1857879.0,1590816.0,,,,,,,,,,,,,,,,,,,,,,,,,,,,,,,,,,,568070.0,480030.0,1046294.0,937791.0
2021-05-11,15200840.0,8660640.0,0.0,0.0,6677530.0,1965079.0,2658453.0,1730440.0,2392614.0,1953551.0,1857879.0,1592877.0,,,,,,,,,,,,,,,,,,,,,,,,,,,,,,,,,,,568070.0,480272.0,1046294.0,938421.0
2021-05-12,15200840.0,8767853.0,0.0,0.0,6677530.0,2034754.0,2658453.0,1759238.0,2392614.0,1959380.0,1857879.0,1594853.0,,,,,,,,,,,,,,,,,,,,,,,,,,,,,,,,,,,568070.0,480542.0,1046294.0,939086.0
2021-05-13,15200840.0,8872132.0,0.0,0.0,6677530.0,2106253.0,2658453.0,1783188.0,2392614.0,1965364.0,1857879.0,1596843.0,,,,,,,,,,,,,,,,,,,,,,,,,,,,,,,,,,,568070.0,480740.0,1046294.0,939744.0
2021-05-14,15200840.0,9009035.0,0.0,0.0,6677530.0,2204661.0,2658453.0,1810693.0,2392614.0,1972811.0,1857879.0,1599367.0,,,,,,,,,,,,,,,,,,,,,,,,,,,,,,,,,,,568070.0,481055.0,1046294.0,940448.0
2021-05-15,15200840.0,9072228.0,0.0,0.0,6677530.0,2249532.0,2658453.0,1823765.0,2392614.0,1976359.0,1857879.0,1600555.0,,,,,,,,,,,,,,,,,,,,,,,,,,,,,,,,,,,568070.0,481202.0,1046294.0,940815.0
2021-05-16,15200840.0,9076487.0,0.0,0.0,6677530.0,2252351.0,2658453.0,1824778.0,2392614.0,1976646.0,1857879.0,1600650.0,,,,,,,,,,,,,,,,,,,,,,,,,,,,,,,,,,,568070.0,481213.0,1046294.0,940849.0
2021-05-17,15200840.0,9077086.0,0.0,0.0,6677530.0,2252705.0,2658453.0,1824962.0,2392614.0,1976689.0,1857879.0,1600661.0,,,,,,,,,,,,,,,,,,,,,,,,,,,,,,,,,,,568070.0,481217.0,1046294.0,940852.0
2021-05-18,15200840.0,9196388.0,0.0,0.0,6677530.0,2351188.0,2658453.0,1838895.0,2392614.0,1981227.0,1857879.0,1602357.0,,,,,,,,,,,,,,,,,,,,,,,,,,,,,,,,,,,568070.0,481405.0,1046294.0,941316.0
2021-05-19,15200840.0,9331722.0,0.0,0.0,6677530.0,2466133.0,2658453.0,1852156.0,2392614.0,1986025.0,1857879.0,1604038.0,,,,,,,,,,,,,,,,,,,,,,,,,,,,,,,,,,,568070.0,481589.0,1046294.0,941781.0
2021-05-20,15200840.0,9456260.0,0.0,0.0,6677530.0,2569978.0,2658453.0,1865494.0,2392614.0,1991074.0,1857879.0,1605721.0,,,,,,,,,,,,,,,,,,,,,,,,,,,,,,,,,,,568070.0,481772.0,1046294.0,942221.0
2021-05-21,15200840.0,9582096.0,0.0,0.0,6677530.0,2675602.0,2658453.0,1878058.0,2392614.0,1996265.0,1857879.0,1607445.0,,,,,,,,,,,,,,,,,,,,,,,,,,,,,,,,,,,568070.0,481961.0,1046294.0,942765.0
2021-05-22,15200840.0,9582096.0,0.0,0.0,6677530.0,2675602.0,2658453.0,1878058.0,2392614.0,1996265.0,1857879.0,1607445.0,,,,,,,,,,,,,,,,,,,,,,,,,,,,,,,,,,,568070.0,481961.0,1046294.0,942765.0
2021-05-23,15200840.0,9619897.0,0.0,0.0,6677530.0,2705260.0,2658453.0,1883290.0,2392614.0,1998309.0,1857879.0,1608085.0,,,,,,,,,,,,,,,,,,,,,,,,,,,,,,,,,,,568070.0,482026.0,1046294.0,942927.0
2021-05-24,15200840.0,9624353.0,0.0,0.0,6677530.0,2708559.0,2658453.0,1884045.0,2392614.0,1998609.0,1857879.0,1608169.0,,,,,,,,,,,,,,,,,,,,,,,,,,,,,,,,,,,568070.0,482027.0,1046294.0,942944.0
2021-05-25,15200840.0,9789366.0,0.0,0.0,6677530.0,2835779.0,2658453.0,1905784.0,2392614.0,2009170.0,1857879.0,1612140.0,,,,,,,,,,,,,,,,,,,,,,,,,,,,,,,,,,,568070.0,482388.0,1046294.0,944105.0
2021-05-26,15200840.0,9979014.0,0.0,0.0,6677530.0,2981941.0,2658453.0,1929968.0,2392614.0,2021706.0,1857879.0,1616895.0,,,,,,,,,,,,,,,,,,,,,,,,,,,,,,,,,,,568070.0,482877.0,1046294.0,945627.0
2021-05-27,15200840.0,10156276.0,0.0,0.0,6677530.0,3120810.0,2658453.0,1951381.0,2392614.0,2033130.0,1857879.0,1620965.0,,,,,,,,,,,,,,,,,,,,,,,,,,,,,,,,,,,568070.0,483203.0,1046294.0,946787.0
2021-05-28,15200840.0,10323751.0,0.0,0.0,6677530.0,3250721.0,2658453.0,1971355.0,2392614.0,2044317.0,1857879.0,1625400.0,,,,,,,,,,,,,,,,,,,,,,,,,,,,,,,,,,,568070.0,483720.0,1046294.0,948238.0
2021-05-29,15200840.0,10470868.0,0.0,0.0,6677530.0,3357685.0,2658453.0,1992467.0,2392614.0,2056626.0,1857879.0,1630122.0,,,,,,,,,,,,,,,,,,,,,,,,,,,,,,,,,,,568070.0,484257.0,1046294.0,949711.0
2021-05-30,15200840.0,10516303.0,0.0,0.0,6677530.0,3390276.0,2658453.0,1999501.0,2392614.0,2060588.0,1857879.0,1631508.0,,,,,,,,,,,,,,,,,,,,,,,,,,,,,,,,,,,568070.0,484361.0,1046294.0,950069.0
2021-05-31,15200840.0,10526028.0,0.0,0.0,6677530.0,3397269.0,2658453.0,2001054.0,2392614.0,2061435.0,1857879.0,1631767.0,,,,,,,,,,,,,,,,,,,,,,,,,,,,,,,,,,,568070.0,484381.0,1046294.0,950122.0
2021-06-01,15200840.0,10676196.0,0.0,0.0,6677530.0,3513274.0,2658453.0,2018494.0,2392614.0,2071868.0,1857879.0,1636117.0,,,,,,,,,,,,,,,,,,,,,,,,,,,,,,,,,,,568070.0,484913.0,1046294.0,951530.0
2021-06-02,15200840.0,10817098.0,0.0,0.0,6677530.0,3627293.0,2658453.0,2032334.0,2392614.0,2079859.0,1857879.0,1639601.0,,,,,,,,,,,,,,,,,,,,,,,,,,,,,,,,,,,568070.0,485344.0,1046294.0,952667.0
2021-06-03,15200840.0,10928685.0,0.0,0.0,6677530.0,3717851.0,2658453.0,2042664.0,2392614.0,2086063.0,1857879.0,1642629.0,,,,,,,,,,,,,,,,,,,,,,,,,,,,,,,,,,,568070.0,485744.0,1046294.0,953734.0
2021-06-04,15200840.0,10986923.0,0.0,0.0,6677530.0,3761657.0,2658453.0,2049513.0,2392614.0,2090177.0,1857879.0,1644988.0,,,,,,,,,,,,,,,,,,,,,,,,,,,,,,,,,,,568070.0,486044.0,1046294.0,954544.0
2021-06-05,15200840.0,11029781.0,0.0,0.0,6677530.0,3793136.0,2658453.0,2054707.0,2392614.0,2093424.0,1857879.0,1646949.0,,,,,,,,,,,,,,,,,,,,,,,,,,,,,,,,,,,568070.0,486326.0,1046294.0,955239.0
2021-06-06,11161231.0,8416900.0,0.0,0.0,3897863.0,1946963.0,2070954.0,1579179.0,2102521.0,1916375.0,1648049.0,1573485.0,,,,,,,,,,,,,,,,,,,,,,,,,,,,,,,,,,,486397.0,472349.0,955447.0,928549.0
2021-06-07,11165273.0,8420205.0,,,3900931.0,1948647.0,2071496.0,1580426.0,2102846.0,1916684.0,1648127.0,1573539.0,,,,,,,,,,,,,,,,,,,,,,,,,,,,,,,,,,,486401.0,472351.0,955472.0,928558.0
2021-06-08,11244773.0,8544845.0,,,3956565.0,2013185.0,2083769.0,1627537.0,2110016.0,1926165.0,1651127.0,1576056.0,,,,,,,,,,,,,,,,,,,,,,,,,,,,,,,,,,,486748.0,472611.0,956548.0,929291.0
2021-06-09,11324911.0,8669868.0,,,4012145.0,2088078.0,2096390.0,1665313.0,2117368.0,1934949.0,1654199.0,1578516.0,,,,,,,,,,,,,,,,,,,,,,,,,,,,,,,,,,,487202.0,472933.0,957607.0,930079.0
2021-06-10,11416884.0,8786431.0,,,4075918.0,2162753.0,2111440.0,1695784.0,2125534.0,1943102.0,1657669.0,1580805.0,,,,,,,,,,,,,,,,,,,,,,,,,,,,,,,,,,,487609.0,473163.0,958714.0,930824.0
2021-06-11,11526443.0,8892643.0,,,4165747.0,2235546.0,2121460.0,1719727.0,2131495.0,1949689.0,1660138.0,1582841.0,,,,,,,,,,,,,,,,,,,,,,,,,,,,,,,,,,,488001.0,473427.0,959602.0,931413.0
2021-06-12,11612320.0,8991704.0,,,4232819.0,2303122.0,2130857.0,1741933.0,2137184.0,1956147.0,1662625.0,1584835.0,,,,,,,,,,,,,,,,,,,,,,,,,,,,,,,,,,,488373.0,473659.0,960462.0,932008.0
2021-06-13,11612320.0,8991704.0,,,4232819.0,2303122.0,2130857.0,1741933.0,2137184.0,1956147.0,1662625.0,1584835.0,,,,,,,,,,,,,,,,,,,,,,,,,,,,,,,,,,,488373.0,473659.0,960462.0,932008.0
2021-06-14,11639399.0,9005224.0,,,4253261.0,2311540.0,2134401.0,1745789.0,2139239.0,1957035.0,1663363.0,1585077.0,,,,,,,,,,,,,,,,,,,,,,,,,,,,,,,,,,,488455.0,473692.0,960680.0,932091.0
2021-06-15,11744468.0,9117659.0,,,4341135.0,2398890.0,2142921.0,1762706.0,2144380.0,1962544.0,1665767.0,1586999.0,,,,,,,,,,,,,,,,,,,,,,,,,,,,,,,,,,,488758.0,473906.0,961507.0,932614.0
2021-06-16,11832667.0,9241584.0,,,4414407.0,2499332.0,2150373.0,1778448.0,2148930.0,1967784.0,1667675.0,1588803.0,,,,,,,,,,,,,,,,,,,,,,,,,,,,,,,,,,,489053.0,474115.0,962229.0,933102.0
2021-06-17,11832667.0,9241584.0,,,4414407.0,2499332.0,2150373.0,1778448.0,2148930.0,1967784.0,1667675.0,1588803.0,,,,,,,,,,,,,,,,,,,,,,,,,,,,,,,,,,,489053.0,474115.0,962229.0,933102.0
2021-06-18,11832667.0,9241584.0,,,4414407.0,2499332.0,2150373.0,1778448.0,2148930.0,1967784.0,1667675.0,1588803.0,,,,,,,,,,,,,,,,,,,,,,,,,,,,,,,,,,,489053.0,474115.0,962229.0,933102.0
2021-06-19,11832667.0,9241584.0,,,4414407.0,2499332.0,2150373.0,1778448.0,2148930.0,1967784.0,1667675.0,1588803.0,,,,,,,,,,,,,,,,,,,,,,,,,,,,,,,,,,,489053.0,474115.0,962229.0,933102.0
2021-06-20,12081916.0,9521763.0,,,4626448.0,2722847.0,2168703.0,1814752.0,2160331.0,1981818.0,1672560.0,1593251.0,,,,,,,,,,,,,,,,,,,,,,,,,,,,,,,,,,,489827.0,474659.0,964047.0,934436.0
2021-06-21,12081916.0,9521763.0,,,4626448.0,2722847.0,2168703.0,1814752.0,2160331.0,1981818.0,1672560.0,1593251.0,,,,,,,,,,,,,,,,,,,,,,,,,,,,,,,,,,,489827.0,474659.0,964047.0,934436.0
2021-06-22,12108457.0,9556354.0,,,4647921.0,2749367.0,2171385.0,1819806.0,2161912.0,1983906.0,1673141.0,1593949.0,,,,,,,,,,,,,,,,,,,,,,,,,,,,,,,,,,,489891.0,474718.0,964207.0,934608.0
2021-06-23,12199649.0,9747148.0,,,4729257.0,2892822.0,2175987.0,1845114.0,2165063.0,1997930.0,1674505.0,1599600.0,,,,,,,,,,,,,,,,,,,,,,,,,,,,,,,,,,,490124.0,475265.0,964713.0,936417.0
2021-06-24,12282559.0,9917815.0,,,4801483.0,3022947.0,2181524.0,1867623.0,2168322.0,2009862.0,1675802.0,1603949.0,,,,,,,,,,,,,,,,,,,,,,,,,,,,,,,,,,,490309.0,475690.0,965119.0,937744.0
2021-06-25,12387556.0,10120894.0,,,4896048.0,3186076.0,2186882.0,1888997.0,2171508.0,2022177.0,1677055.0,1608268.0,,,,,,,,,,,,,,,,,,,,,,,,,,,,,,,,,,,490499.0,476189.0,965564.0,939187.0
2021-06-26,12467055.0,10289270.0,,,4964808.0,3314534.0,2192466.0,1910538.0,2174766.0,2034698.0,1678388.0,1612410.0,,,,,,,,,,,,,,,,,,,,,,,,,,,,,,,,,,,490658.0,476605.0,965969.0,940485.0
2021-06-27,12486616.0,10330738.0,,,4981120.0,3345821.0,2194238.0,1916262.0,2175765.0,2037833.0,1678741.0,1613399.0,,,,,,,,,,,,,,,,,,,,,,,,,,,,,,,,,,,490687.0,476687.0,966065.0,940736.0
2021-06-28,12489116.0,10335657.0,,,4983149.0,3349398.0,2194490.0,1916980.0,2175916.0,2038280.0,1678792.0,1613524.0,,,,,,,,,,,,,,,,,,,,,,,,,,,,,,,,,,,490696.0,476704.0,966073.0,940771.0
2021-06-29,12491503.0,10340278.0,,,4985037.0,3352863.0,2194780.0,1917645.0,2176068.0,2038639.0,1678837.0,1613616.0,,,,,,,,,,,,,,,,,,,,,,,,,,,,,,,,,,,490698.0,476712.0,966083.0,940803.0
2021-06-30,12552568.0,10533126.0,,,5033579.0,3499523.0,2200806.0,1940443.0,2179922.0,2053662.0,1680566.0,1619347.0,,,,,,,,,,,,,,,,,,,,,,,,,,,,,,,,,,,490967.0,477443.0,966728.0,942708.0
2021-07-01,12613555.0,10684278.0,,,5081874.0,3616338.0,2207113.0,1958287.0,2183756.0,2064203.0,1682285.0,1623379.0,,,,,,,,,,,,,,,,,,,,,,,,,,,,,,,,,,,491229.0,477950.0,967298.0,944121.0
2021-07-02,12613555.0,10684278.0,,,5081874.0,3616338.0,2207113.0,1958287.0,2183756.0,2064203.0,1682285.0,1623379.0,,,,,,,,,,,,,,,,,,,,,,,,,,,,,,,,,,,491229.0,477950.0,967298.0,944121.0
2021-07-03,12690847.0,10851979.0,,,5140079.0,3740453.0,2216409.0,1980951.0,2189618.0,2077280.0,1684816.0,1628804.0,,,,,,,,,,,,,,,,,,,,,,,,,,,,,,,,,,,491663.0,478643.0,968262.0,945848.0
2021-07-04,12704786.0,10874436.0,,,5150854.0,3757610.0,2218057.0,1983932.0,2190547.0,2078823.0,1685228.0,1629377.0,,,,,,,,,,,,,,,,,,,,,,,,,,,,,,,,,,,491712.0,478691.0,968388.0,946003.0
2021-07-05,12706871.0,10876925.0,,,5152432.0,3759453.0,2218355.0,1984291.0,2190674.0,2079023.0,1685289.0,1629442.0,,,,,,,,,,,,,,,,,,,,,,,,,,,,,,,,,,,491716.0,478693.0,968405.0,946023.0
2021-07-06,12749542.0,10955309.0,,,5184364.0,3814385.0,2223866.0,1996113.0,2193839.0,2086031.0,1686666.0,1632614.0,,,,,,,,,,,,,,,,,,,,,,,,,,,,,,,,,,,491914.0,479062.0,968893.0,947104.0
2021-07-07,12788547.0,11028819.0,,,5213989.0,3864676.0,2228725.0,2007846.0,2196559.0,2092866.0,1687856.0,1635781.0,,,,,,,,,,,,,,,,,,,,,,,,,,,,,,,,,,,492115.0,479488.0,969303.0,948162.0
2021-07-08,12812812.0,11106970.0,,,5231765.0,3917552.0,2231904.0,2020434.0,2198536.0,2100287.0,1688653.0,1639399.0,,,,,,,,,,,,,,,,,,,,,,,,,,,,,,,,,,,492290.0,479889.0,969664.0,949409.0
2021-07-09,12812812.0,11106970.0,,,5231765.0,3917552.0,2231904.0,2020434.0,2198536.0,2100287.0,1688653.0,1639399.0,,,,,,,,,,,,,,,,,,,,,,,,,,,,,,,,,,,492290.0,479889.0,969664.0,949409.0
2021-07-10,12854949.0,11276227.0,,,5261630.0,4046916.0,2237776.0,2040603.0,2202276.0,2112186.0,1690388.0,1644657.0,,,,,,,,,,,,,,,,,,,,,,,,,,,,,,,,,,,492603.0,480655.0,970276.0,951210.0
2021-07-11,12871400.0,11298497.0,,,5273534.0,4063434.0,2240127.0,2043693.0,2203683.0,2113977.0,1690934.0,1645272.0,,,,,,,,,,,,,,,,,,,,,,,,,,,,,,,,,,,492694.0,480724.0,970428.0,951397.0
2021-07-12,12873584.0,11301055.0,,,5275158.0,4065373.0,2240417.0,2044044.0,2203866.0,2114161.0,1690994.0,1645330.0,,,,,,,,,,,,,,,,,,,,,,,,,,,,,,,,,,,492702.0,480734.0,970447.0,951413.0
2021-07-13,12898403.0,11399491.0,,,5292549.0,4143996.0,2243880.0,2054067.0,2206178.0,2120214.0,1692047.0,1647915.0,,,,,,,,,,,,,,,,,,,,,,,,,,,,,,,,,,,492885.0,481047.0,970864.0,952252.0
2021-07-14,12919995.0,11487412.0,,,5307618.0,4214676.0,2246922.0,2062816.0,2208131.0,2125376.0,1693021.0,1650138.0,,,,,,,,,,,,,,,,,,,,,,,,,,,,,,,,,,,493072.0,481366.0,971231.0,953040.0
2021-07-15,12937097.0,11585036.0,,,5319532.0,4297175.0,2249294.0,2070324.0,2209735.0,2129928.0,1693795.0,1652183.0,,,,,,,,,,,,,,,,,,,,,,,,,,,,,,,,,,,493224.0,481656.0,971517.0,953770.0
2021-07-16,12989519.0,11674216.0,,,5357330.0,4369713.0,2256499.0,2078679.0,2214158.0,2134990.0,1695772.0,1654298.0,,,,,,,,,,,,,,,,,,,,,,,,,,,,,,,,,,,493540.0,481978.0,972220.0,954558.0
2021-07-17,12992986.0,11679139.0,,,5359845.0,4373706.0,2257020.0,2079179.0,2214435.0,2135275.0,1695878.0,1654396.0,,,,,,,,,,,,,,,,,,,,,,,,,,,,,,,,,,,493552.0,481989.0,972256.0,954594.0
2021-07-18,13000801.0,11691770.0,,,5365546.0,4383854.0,2258093.0,2080523.0,2215085.0,2136045.0,1696152.0,1654676.0,,,,,,,,,,,,,,,,,,,,,,,,,,,,,,,,,,,493583.0,482013.0,972342.0,954659.0
2021-07-19,13001707.0,11693055.0,,,5366227.0,4384880.0,2258219.0,2080681.0,2215156.0,2136123.0,1696176.0,1654688.0,,,,,,,,,,,,,,,,,,,,,,,,,,,,,,,,,,,493585.0,482016.0,972344.0,954667.0
2021-07-20,13025147.0,11758626.0,,,5382622.0,4437736.0,2261647.0,2087301.0,2217255.0,2139994.0,1697154.0,1656217.0,,,,,,,,,,,,,,,,,,,,,,,,,,,,,,,,,,,493758.0,482240.0,972711.0,955138.0
2021-07-21,13045143.0,11843564.0,,,5396540.0,4510007.0,2264489.0,2093622.0,2219159.0,2143848.0,1697997.0,1657873.0,,,,,,,,,,,,,,,,,,,,,,,,,,,,,,,,,,,493923.0,482499.0,973035.0,955715.0
2021-07-22,13045143.0,11843564.0,,,5396540.0,4510007.0,2264489.0,2093622.0,2219159.0,2143848.0,1697997.0,1657873.0,,,,,,,,,,,,,,,,,,,,,,,,,,,,,,,,,,,493923.0,482499.0,973035.0,955715.0
2021-07-23,13045143.0,11843564.0,,,5396540.0,4510007.0,2264489.0,2093622.0,2219159.0,2143848.0,1697997.0,1657873.0,,,,,,,,,,,,,,,,,,,,,,,,,,,,,,,,,,,493923.0,482499.0,973035.0,955715.0
2021-07-24,13090641.0,11993341.0,,,5428099.0,4630854.0,2270981.0,2108377.0,2223328.0,2152206.0,1700015.0,1661765.0,,,,,,,,,,,,,,,,,,,,,,,,,,,,,,,,,,,494331.0,483056.0,973887.0,957083.0
2021-07-25,13109595.0,12004111.0,,,5441750.0,4639187.0,2273724.0,2109702.0,2224892.0,2152945.0,1700702.0,1662033.0,,,,,,,,,,,,,,,,,,,,,,,,,,,,,,,,,,,494407.0,483084.0,974120.0,957160.0
2021-07-26,13111514.0,12005023.0,,,5443229.0,4639898.0,2273973.0,2109806.0,2225023.0,2153006.0,1700750.0,1662052.0,,,,,,,,,,,,,,,,,,,,,,,,,,,,,,,,,,,494410.0,483091.0,974129.0,957170.0
2021-07-27,13118877.0,12038580.0,,,5448195.0,4665641.0,2275030.0,2114046.0,2225759.0,2155168.0,1701159.0,1663042.0,,,,,,,,,,,,,,,,,,,,,,,,,,,,,,,,,,,494469.0,483209.0,974265.0,957474.0
2021-07-28,13123519.0,12070653.0,,,5451397.0,4689167.0,2275656.0,2118152.0,2226229.0,2157478.0,1701390.0,1664452.0,,,,,,,,,,,,,,,,,,,,,,,,,,,,,,,,,,,494508.0,483420.0,974339.0,957984.0
2021-07-29,13127634.0,12091227.0,,,5454125.0,4703580.0,2276223.0,2120908.0,2226675.0,2159133.0,1701613.0,1665608.0,,,,,,,,,,,,,,,,,,,,,,,,,,,,,,,,,,,494558.0,483621.0,974440.0,958377.0
2021-07-30,13132544.0,12139419.0,,,5457565.0,4739827.0,2276819.0,2126343.0,2227168.0,2162592.0,1701854.0,1667631.0,,,,,,,,,,,,,,,,,,,,,,,,,,,,,,,,,,,494605.0,483927.0,974533.0,959099.0
2021-07-31,13134474.0,12154695.0,,,5458920.0,4751378.0,2277065.0,2128127.0,2227349.0,2163652.0,1701943.0,1668176.0,,,,,,,,,,,,,,,,,,,,,,,,,,,,,,,,,,,494624.0,484040.0,974573.0,959322.0
2021-08-01,13134838.0,12158800.0,,,5459169.0,4754474.0,2277125.0,2128643.0,2227381.0,2163942.0,1701959.0,1668319.0,,,,,,,,,,,,,,,,,,,,,,,,,,,,,,,,,,,494625.0,484053.0,974579.0,959369.0
2021-08-02,13135163.0,12161610.0,,,5459413.0,4756635.0,2277168.0,2128986.0,2227406.0,2164121.0,1701965.0,1668405.0,,,,,,,,,,,,,,,,,,,,,,,,,,,,,,,,,,,494628.0,484065.0,974583.0,959398.0
2021-08-03,13163094.0,12167623.0,,,5479720.0,4760918.0,2281023.0,2129818.0,2229684.0,2164659.0,1702966.0,1668661.0,,,,,,,,,,,,,,,,,,,,,,,,,,,,,,,,,,,494753.0,484087.0,974948.0,959480.0
2021-08-04,13343839.0,12206947.0,,,5613126.0,4790242.0,2305105.0,2134914.0,2243827.0,2167440.0,1709010.0,1670089.0,,,,,,,,,,,,,,,,,,,,,,,,,,,,,,,,,,,495684.0,484314.0,977087.0,959948.0
2021-08-05,13352574.0,12466979.0,,,5619371.0,4997784.0,2306270.0,2182329.0,2244584.0,2170541.0,1709371.0,1671408.0,,,,,,,,,,,,,,,,,,,,,,,,,,,,,,,,,,,495765.0,484511.0,977213.0,960406.0
2021-08-06,13355851.0,12493881.0,,,5621646.0,5018308.0,2306682.0,2185878.0,2244909.0,2172234.0,1709554.0,1672198.0,,,,,,,,,,,,,,,,,,,,,,,,,,,,,,,,,,,495791.0,484608.0,977269.0,960655.0
2021-08-07,13358742.0,12513289.0,,,5623582.0,5032584.0,2307111.0,2188593.0,2245226.0,2173639.0,1709695.0,1672907.0,,,,,,,,,,,,,,,,,,,,,,,,,,,,,,,,,,,495817.0,484693.0,977311.0,960873.0
2021-08-08,13359108.0,12514111.0,,,5623837.0,5033191.0,2307160.0,2188715.0,2245267.0,2173703.0,1709706.0,1672922.0,,,,,,,,,,,,,,,,,,,,,,,,,,,,,,,,,,,495821.0,484699.0,977317.0,960881.0
2021-08-09,13359173.0,12514159.0,,,5623884.0,5033221.0,2307172.0,2188724.0,2245269.0,2173708.0,1709709.0,1672926.0,,,,,,,,,,,,,,,,,,,,,,,,,,,,,,,,,,,495822.0,484699.0,977317.0,960881.0
2021-08-10,13433685.0,12531634.0,,,5677002.0,5045563.0,2317713.0,2191109.0,2251653.0,2175197.0,1712622.0,1673728.0,,,,,,,,,,,,,,,,,,,,,,,,,,,,,,,,,,,496296.0,484848.0,978399.0,961189.0
2021-08-11,13433685.0,12531634.0,,,5677002.0,5045563.0,2317713.0,2191109.0,2251653.0,2175197.0,1712622.0,1673728.0,,,,,,,,,,,,,,,,,,,,,,,,,,,,,,,,,,,496296.0,484848.0,978399.0,961189.0
2021-08-12,13506343.0,12591805.0,,,5729115.0,5088264.0,2327820.0,2199288.0,2257691.0,2180199.0,1715436.0,1676469.0,,,,,,,,,,,,,,,,,,,,,,,,,,,,,,,,,,,496866.0,485386.0,979415.0,962199.0
2021-08-13,13509012.0,12628440.0,,,5730939.0,5114601.0,2328175.0,2204060.0,2257936.0,2183275.0,1715556.0,1678049.0,,,,,,,,,,,,,,,,,,,,,,,,,,,,,,,,,,,496987.0,485711.0,979419.0,962744.0
2021-08-14,13511000.0,12652910.0,,,5732320.0,5132884.0,2328448.0,2207185.0,2258101.0,2184979.0,1715627.0,1678889.0,,,,,,,,,,,,,,,,,,,,,,,,,,,,,,,,,,,497079.0,485946.0,979425.0,963027.0
2021-08-15,13511560.0,12654202.0,,,5732731.0,5133797.0,2328531.0,2207367.0,2258139.0,2185088.0,1715644.0,1678936.0,,,,,,,,,,,,,,,,,,,,,,,,,,,,,,,,,,,497082.0,485968.0,979433.0,963046.0
2021-08-16,13511793.0,12654428.0,,,5732880.0,5133942.0,2328574.0,2207413.0,2258164.0,2185109.0,1715655.0,1678943.0,,,,,,,,,,,,,,,,,,,,,,,,,,,,,,,,,,,497085.0,485970.0,979435.0,963051.0
2021-08-17,13548311.0,12673225.0,,,5758756.0,5146750.0,2333781.0,2210258.0,2261247.0,2186879.0,1717063.0,1679799.0,,,,,,,,,,,,,,,,,,,,,,,,,,,,,,,,,,,497350.0,486101.0,980114.0,963438.0
2021-08-18,13584298.0,12696682.0,,,5784296.0,5163335.0,2338844.0,2213595.0,2264278.0,2188939.0,1718445.0,1680695.0,,,,,,,,,,,,,,,,,,,,,,,,,,,,,,,,,,,497662.0,486257.0,980773.0,963861.0
2021-08-19,13589692.0,12724183.0,,,5788157.0,5182124.0,2339604.0,2217600.0,2264700.0,2191503.0,1718605.0,1682035.0,,,,,,,,,,,,,,,,,,,,,,,,,,,,,,,,,,,497730.0,486472.0,980896.0,964449.0
2021-08-20,13593149.0,12744630.0,,,5790691.0,5196395.0,2340044.0,2220432.0,2264993.0,2193442.0,1718738.0,1682985.0,,,,,,,,,,,,,,,,,,,,,,,,,,,,,,,,,,,497756.0,486600.0,980927.0,964776.0
2021-08-21,13593149.0,12744630.0,,,5790691.0,5196395.0,2340044.0,2220432.0,2264993.0,2193442.0,1718738.0,1682985.0,,,,,,,,,,,,,,,,,,,,,,,,,,,,,,,,,,,497756.0,486600.0,980927.0,964776.0
2021-08-22,13598011.0,12767665.0,,,5794160.0,5212742.0,2340701.0,2223566.0,2265491.0,2195560.0,1718896.0,1683971.0,,,,,,,,,,,,,,,,,,,,,,,,,,,,,,,,,,,497798.0,486745.0,980965.0,965081.0
2021-08-23,13598677.0,12768457.0,,,5794672.0,5213328.0,2340792.0,2223690.0,2265540.0,2195628.0,1718909.0,1683984.0,,,,,,,,,,,,,,,,,,,,,,,,,,,,,,,,,,,497797.0,486745.0,980967.0,965082.0
2021-08-24,13627620.0,12795675.0,,,5815018.0,5232033.0,2344927.0,2227856.0,2268052.0,2198163.0,1720175.0,1685193.0,,,,,,,,,,,,,,,,,,,,,,,,,,,,,,,,,,,498002.0,486903.0,981446.0,965527.0
2021-08-25,13654465.0,12817333.0,,,5833922.0,5247195.0,2348820.0,2231104.0,2270295.0,2200134.0,1721243.0,1685965.0,,,,,,,,,,,,,,,,,,,,,,,,,,,,,,,,,,,498240.0,487050.0,981945.0,965885.0
2021-08-26,13654465.0,12817333.0,,,5833922.0,5247195.0,2348820.0,2231104.0,2270295.0,2200134.0,1721243.0,1685965.0,,,,,,,,,,,,,,,,,,,,,,,,,,,,,,,,,,,498240.0,487050.0,981945.0,965885.0
2021-08-27,13676135.0,12851487.0,,,5849433.0,5271582.0,2351837.0,2236048.0,2272108.0,2202923.0,1722089.0,1687252.0,,,,,,,,,,,,,,,,,,,,,,,,,,,,,,,,,,,498393.0,487277.0,982275.0,966405.0
2021-08-28,13678942.0,12866470.0,,,5851478.0,5282712.0,2352224.0,2237999.0,2272328.0,2204030.0,1722196.0,1687784.0,,,,,,,,,,,,,,,,,,,,,,,,,,,,,,,,,,,498417.0,487357.0,982299.0,966588.0
2021-08-29,13680280.0,12868499.0,,,5852468.0,5284188.0,2352427.0,2238298.0,2272447.0,2204220.0,1722217.0,1687826.0,,,,,,,,,,,,,,,,,,,,,,,,,,,,,,,,,,,498420.0,487363.0,982301.0,966604.0
2021-08-30,13680743.0,12869025.0,,,5852795.0,5284549.0,2352510.0,2238399.0,2272487.0,2204268.0,1722225.0,1687837.0,,,,,,,,,,,,,,,,,,,,,,,,,,,,,,,,,,,498421.0,487364.0,982305.0,966608.0
2021-08-31,13701765.0,12946675.0,,,5867593.0,5339993.0,2355556.0,2249556.0,2274332.0,2210849.0,1723115.0,1690821.0,,,,,,,,,,,,,,,,,,,,,,,,,,,,,,,,,,,498536.0,487771.0,982633.0,967685.0
2021-09-01,13723688.0,13040060.0,,,5883292.0,5407313.0,2358591.0,2262511.0,2276124.0,2218865.0,1724005.0,1694266.0,,,,,,,,,,,,,,,,,,,,,,,,,,,,,,,,,,,498702.0,488254.0,982974.0,968851.0
2021-09-02,13727017.0,13061224.0,,,5885640.0,5423297.0,2359020.0,2265173.0,2276403.0,2220312.0,1724202.0,1694980.0,,,,,,,,,,,,,,,,,,,,,,,,,,,,,,,,,,,498739.0,488377.0,983013.0,969085.0
2021-09-03,13729381.0,13074496.0,,,5887338.0,5433421.0,2359314.0,2266772.0,2276549.0,2221151.0,1724386.0,1695481.0,,,,,,,,,,,,,,,,,,,,,,,,,,,,,,,,,,,498762.0,488454.0,983032.0,969217.0
2021-09-04,13731520.0,13084386.0,,,5888821.0,5440785.0,2359575.0,2268018.0,2276818.0,2221979.0,1724462.0,1695807.0,,,,,,,,,,,,,,,,,,,,,,,,,,,,,,,,,,,498775.0,488499.0,983069.0,969298.0
2021-09-05,13732231.0,13085416.0,,,5889334.0,5441537.0,2359686.0,2268173.0,2276873.0,2222057.0,1724478.0,1695832.0,,,,,,,,,,,,,,,,,,,,,,,,,,,,,,,,,,,498782.0,488505.0,983078.0,969312.0
2021-09-06,13732395.0,13085614.0,,,5889440.0,5441666.0,2359722.0,2268216.0,2276890.0,2222079.0,1724479.0,1695833.0,,,,,,,,,,,,,,,,,,,,,,,,,,,,,,,,,,,498786.0,488507.0,983078.0,969313.0
2021-09-07,13748727.0,13144840.0,,,5900910.0,5482634.0,2361937.0,2276989.0,2278421.0,2227686.0,1725174.0,1698394.0,,,,,,,,,,,,,,,,,,,,,,,,,,,,,,,,,,,498927.0,488905.0,983358.0,970232.0
2021-09-08,13766027.0,13207294.0,,,5913236.0,5526801.0,2364359.0,2285995.0,2279852.0,2233140.0,1725886.0,1700911.0,,,,,,,,,,,,,,,,,,,,,,,,,,,,,,,,,,,499053.0,489299.0,983641.0,971148.0
2021-09-09,13768366.0,13220521.0,,,5914925.0,5536733.0,2364615.0,2287672.0,2280136.0,2234153.0,1725959.0,1701324.0,,,,,,,,,,,,,,,,,,,,,,,,,,,,,,,,,,,499068.0,489363.0,983663.0,971276.0
2021-09-10,13770126.0,13229307.0,,,5916132.0,5543297.0,2364808.0,2288778.0,2280389.0,2234873.0,1726020.0,1701576.0,,,,,,,,,,,,,,,,,,,,,,,,,,,,,,,,,,,499087.0,489419.0,983690.0,971364.0
2021-09-11,13771653.0,13236384.0,,,5917175.0,5548615.0,2364939.0,2289605.0,2280635.0,2235492.0,1726081.0,1701771.0,,,,,,,,,,,,,,,,,,,,,,,,,,,,,,,,,,,499102.0,489461.0,983721.0,971440.0
2021-09-12,13771653.0,13236384.0,,,5917175.0,5548615.0,2364939.0,2289605.0,2280635.0,2235492.0,1726081.0,1701771.0,,,,,,,,,,,,,,,,,,,,,,,,,,,,,,,,,,,499102.0,489461.0,983721.0,971440.0
2021-09-13,13771653.0,13236384.0,,,5917175.0,5548615.0,2364939.0,2289605.0,2280635.0,2235492.0,1726081.0,1701771.0,,,,,,,,,,,,,,,,,,,,,,,,,,,,,,,,,,,499102.0,489461.0,983721.0,971440.0
2021-09-14,13779844.0,13260870.0,,,5923006.0,5565415.0,2366124.0,2293311.0,2281355.0,2237812.0,1726375.0,1702805.0,,,,,,,,,,,,,,,,,,,,,,,,,,,,,,,,,,,499151.0,489638.0,983833.0,971889.0
2021-09-15,13792165.0,13299747.0,,,5932025.0,5593070.0,2367809.0,2298904.0,2282322.0,2241104.0,1726796.0,1704262.0,,,,,,,,,,,,,,,,,,,,,,,,,,,,,,,,,,,499216.0,489928.0,983997.0,972479.0
2021-09-16,13792165.0,13299747.0,,,5932025.0,5593070.0,2367809.0,2298904.0,2282322.0,2241104.0,1726796.0,1704262.0,,,,,,,,,,,,,,,,,,,,,,,,,,,,,,,,,,,499216.0,489928.0,983997.0,972479.0
2021-09-17,13808208.0,13333653.0,,,5943567.0,5618178.0,2370102.0,2303436.0,2283669.0,2243522.0,1727306.0,1705350.0,,,,,,,,,,,,,,,,,,,,,,,,,,,,,,,,,,,499352.0,490232.0,984212.0,972935.0
2021-09-18,13809393.0,13335205.0,,,5944384.0,5619352.0,2370291.0,2303628.0,2283769.0,2243630.0,1727345.0,1705392.0,,,,,,,,,,,,,,,,,,,,,,,,,,,,,,,,,,,499369.0,490252.0,984235.0,972951.0
2021-09-19,13809420.0,13335232.0,,,5944399.0,5619371.0,2370296.0,2303632.0,2283771.0,2243634.0,1727349.0,1705392.0,,,,,,,,,,,,,,,,,,,,,,,,,,,,,,,,,,,499369.0,490252.0,984236.0,972951.0
2021-09-20,13809420.0,13335233.0,,,5944399.0,5619371.0,2370296.0,2303632.0,2283771.0,2243635.0,1727349.0,1705392.0,,,,,,,,,,,,,,,,,,,,,,,,,,,,,,,,,,,499369.0,490252.0,984236.0,972951.0
2021-09-21,13815605.0,13349435.0,,,5948794.0,5629102.0,2371237.0,2305718.0,2284307.0,2244943.0,1727537.0,1706115.0,,,,,,,,,,,,,,,,,,,,,,,,,,,,,,,,,,,499396.0,490356.0,984334.0,973201.0
2021-09-22,13815605.0,13349435.0,,,5948794.0,5629102.0,2371237.0,2305718.0,2284307.0,2244943.0,1727537.0,1706115.0,,,,,,,,,,,,,,,,,,,,,,,,,,,,,,,,,,,499396.0,490356.0,984334.0,973201.0
2021-09-23,13833799.0,13391653.0,,,5961929.0,5658796.0,2373873.0,2311873.0,2285761.0,2248510.0,1728148.0,1707841.0,,,,,,,,,,,,,,,,,,,,,,,,,,,,,,,,,,,499525.0,490687.0,984563.0,973946.0
2021-09-24,13841145.0,13404374.0,,,5967220.0,5668072.0,2374871.0,2313597.0,2286387.0,2249511.0,1728395.0,1708278.0,,,,,,,,,,,,,,,,,,,,,,,,,,,,,,,,,,,499592.0,490808.0,984680.0,974108.0
2021-09-25,13848993.0,13413968.0,,,5972850.0,5675022.0,2375997.0,2314901.0,2287052.0,2250246.0,1728668.0,1708643.0,,,,,,,,,,,,,,,,,,,,,,,,,,,,,,,,,,,499647.0,490889.0,984779.0,974267.0
2021-09-26,13851805.0,13417198.0,,,5974795.0,5677404.0,2376443.0,2315352.0,2287303.0,2250483.0,1728775.0,1708733.0,,,,,,,,,,,,,,,,,,,,,,,,,,,,,,,,,,,499667.0,490914.0,984822.0,974312.0
2021-09-27,13851996.0,13417332.0,,,5974933.0,5677500.0,2376471.0,2315376.0,2287321.0,2250493.0,1728781.0,1708735.0,,,,,,,,,,,,,,,,,,,,,,,,,,,,,,,,,,,499667.0,490914.0,984823.0,974314.0
2021-09-28,13858300.0,13428179.0,,,5979372.0,5684780.0,2377398.0,2316986.0,2287888.0,2251650.0,1729015.0,1709247.0,,,,,,,,,,,,,,,,,,,,,,,,,,,,,,,,,,,499712.0,490988.0,984915.0,974528.0
2021-09-29,13858300.0,13428179.0,,,5979372.0,5684780.0,2377398.0,2316986.0,2287888.0,2251650.0,1729015.0,1709247.0,,,,,,,,,,,,,,,,,,,,,,,,,,,,,,,,,,,499712.0,490988.0,984915.0,974528.0
2021-09-30,13881385.0,13460187.0,,,5995667.0,5707740.0,2380889.0,2321435.0,2289952.0,2254277.0,1729800.0,1710470.0,,,,,,,,,,,,,,,,,,,,,,,,,,,,,,,,,,,499856.0,491218.0,985221.0,975047.0
2021-10-01,13891753.0,13469250.0,,,6002891.0,5714463.0,2382492.0,2322643.0,2290924.0,2254958.0,1730161.0,1710757.0,,,,,,,,,,,,,,,,,,,,,,,,,,,,,,,,,,,499918.0,491277.0,985367.0,975152.0
2021-10-02,13891753.0,13469250.0,,,6002891.0,5714463.0,2382492.0,2322643.0,2290924.0,2254958.0,1730161.0,1710757.0,,,,,,,,,,,,,,,,,,,,,,,,,,,,,,,,,,,499918.0,491277.0,985367.0,975152.0
2021-10-03,13905880.0,13479757.0,,,6012934.0,5722364.0,2384585.0,2323986.0,2292125.0,2255684.0,1730680.0,1711091.0,,,,,,,,,,,,,,,,,,,,,,,,,,,,,,,,,,,500009.0,491349.0,985547.0,975283.0
2021-10-04,13906164.0,13479884.0,,,6013142.0,5722454.0,2384626.0,2324009.0,2292147.0,2255692.0,1730688.0,1711097.0,,,,,,,,,,,,,,,,,,,,,,,,,,,,,,,,,,,500009.0,491349.0,985552.0,975283.0
2021-10-05,13913782.0,13489506.0,,,6018544.0,5729090.0,2385701.0,2325389.0,2292901.0,2256647.0,1730960.0,1711512.0,,,,,,,,,,,,,,,,,,,,,,,,,,,,,,,,,,,500044.0,491426.0,985632.0,975442.0
2021-10-06,13924689.0,13504536.0,,,6026217.0,5739856.0,2387437.0,2327539.0,2293844.0,2257890.0,1731297.0,1712044.0,,,,,,,,,,,,,,,,,,,,,,,,,,,,,,,,,,,500121.0,491548.0,985773.0,975659.0
2021-10-07,13933583.0,13514354.0,,,6032584.0,5747041.0,2388758.0,2328939.0,2294560.0,2258596.0,1731599.0,1712379.0,,,,,,,,,,,,,,,,,,,,,,,,,,,,,,,,,,,500192.0,491608.0,985890.0,975791.0
2021-10-08,13941129.0,13520448.0,,,6037881.0,5751579.0,2389903.0,2329740.0,2295194.0,2259018.0,1731857.0,1712570.0,,,,,,,,,,,,,,,,,,,,,,,,,,,,,,,,,,,500277.0,491663.0,986017.0,975878.0
2021-10-09,13948497.0,13525865.0,,,6043046.0,5755586.0,2391016.0,2330447.0,2295858.0,2259407.0,1732132.0,1712746.0,,,,,,,,,,,,,,,,,,,,,,,,,,,,,,,,,,,500334.0,491711.0,986111.0,975968.0
2021-10-10,13950993.0,13527647.0,,,6044767.0,5756938.0,2391417.0,2330659.0,2296082.0,2259545.0,1732231.0,1712781.0,,,,,,,,,,,,,,,,,,,,,,,,,,,,,,,,,,,500352.0,491735.0,986144.0,975989.0
2021-10-11,13951084.0,13527693.0,,,6044833.0,5756967.0,2391428.0,2330664.0,2296088.0,2259550.0,1732237.0,1712783.0,,,,,,,,,,,,,,,,,,,,,,,,,,,,,,,,,,,500353.0,491738.0,986145.0,975991.0
2021-10-12,13951185.0,13527764.0,,,6044901.0,5757021.0,2391450.0,2330673.0,2296095.0,2259554.0,1732239.0,1712787.0,,,,,,,,,,,,,,,,,,,,,,,,,,,,,,,,,,,500353.0,491738.0,986147.0,975991.0
2021-10-13,13956460.0,13536453.0,,,6048627.0,5763051.0,2392231.0,2331915.0,2296566.0,2260330.0,1732443.0,1713191.0,,,,,,,,,,,,,,,,,,,,,,,,,,,,,,,,,,,500385.0,491819.0,986208.0,976147.0
2021-10-14,13956460.0,13536453.0,,,6048627.0,5763051.0,2392231.0,2331915.0,2296566.0,2260330.0,1732443.0,1713191.0,,,,,,,,,,,,,,,,,,,,,,,,,,,,,,,,,,,500385.0,491819.0,986208.0,976147.0
