Region,Antofagasta,Arica y Parinacota,Atacama,Aysén,Biobío,Coquimbo,Araucanía,O’Higgins,Los Lagos,Los Ríos,Magallanes,Maule,Metropolitana,Tarapacá,Valparaíso,Ñuble,Total
2020-03-03,,,,,,,,,,,,,,,,,
2020-03-04,,,,,,,,,,,,,,,,,
2020-03-05,,,,,,,,,,,,,,,,,
2020-03-06,,,,,,,,,,,,,,,,,
2020-03-07,,,,,,,,,,,,,,,,,
2020-03-08,,,,,,,,,,,,,,,,,
2020-03-09,0.0,0.0,0.0,0.0,0.0,0.0,0.0,0.0,0.0,0.0,0.0,0.0,0.0,0.0,0.0,0.0,0.0
2020-03-10,0.0,0.0,0.0,0.0,0.0,0.0,0.0,0.0,0.0,0.0,0.0,0.1,0.0,0.0,0.0,0.0,0.0
2020-03-11,0.0,0.0,0.0,0.0,0.0,0.0,0.0,0.0,0.0,0.0,0.0,0.1,0.0,0.0,0.0,0.0,0.0
2020-03-12,0.0,0.0,0.0,0.0,0.0,0.0,0.0,0.0,0.0,0.0,0.0,0.1,0.0,0.0,0.0,0.0,0.0
2020-03-13,0.0,0.0,0.0,0.0,0.0,0.0,0.0,0.0,0.0,0.0,0.0,0.1,0.0,0.0,0.0,0.1,0.0
2020-03-14,0.0,0.0,0.0,0.1,0.0,0.0,0.0,0.0,0.0,0.0,0.0,0.1,0.1,0.0,0.0,0.1,0.0
2020-03-15,0.0,0.0,0.0,0.1,0.0,0.0,0.0,0.0,0.0,0.0,0.0,0.1,0.1,0.0,0.0,0.1,0.0
2020-03-16,0.0,0.0,0.0,0.1,0.0,0.0,0.0,0.0,0.0,0.0,0.0,0.1,0.2,0.0,0.0,0.3,0.1
2020-03-17,0.0,0.0,0.0,0.1,0.0,0.0,0.0,0.0,0.0,0.0,0.2,0.1,0.2,0.0,0.0,0.7,0.1
2020-03-18,0.0,0.0,0.0,0.1,0.1,0.0,0.1,0.0,0.1,0.0,0.2,0.1,0.3,0.0,0.0,0.7,0.2
2020-03-19,0.0,0.1,0.0,0.1,0.1,0.0,0.1,0.0,0.2,0.0,0.2,0.1,0.4,0.0,0.0,0.8,0.2
2020-03-20,0.1,0.1,0.0,0.1,0.1,0.1,0.1,0.1,0.3,0.0,0.2,0.1,0.5,0.0,0.0,1.2,0.3
2020-03-21,0.2,0.1,0.0,0.0,0.2,0.1,0.2,0.1,0.3,0.0,0.2,0.1,0.6,0.0,0.1,1.5,0.3
2020-03-22,0.2,0.1,0.0,0.0,0.3,0.1,0.4,0.1,0.4,0.0,0.3,0.2,0.6,0.0,0.1,1.7,0.4
2020-03-23,0.2,0.1,0.0,0.0,0.4,0.1,0.5,0.1,0.5,0.1,0.5,0.2,0.6,0.0,0.1,1.9,0.4
2020-03-24,0.2,0.1,0.0,0.0,0.6,0.2,0.8,0.1,0.6,0.2,0.5,0.3,0.7,0.1,0.2,2.2,0.5
2020-03-25,0.4,0.1,0.0,0.0,0.8,0.2,1.0,0.2,0.6,0.4,0.9,0.2,0.9,0.1,0.2,2.4,0.7
2020-03-26,0.4,0.1,0.0,0.1,0.8,0.2,1.5,0.2,0.7,0.5,1.4,0.2,0.9,0.2,0.3,2.4,0.7
2020-03-27,0.3,0.1,0.0,0.1,1.0,0.2,1.9,0.1,0.7,0.7,1.6,0.2,1.1,0.2,0.3,2.8,0.9
2020-03-28,0.3,0.1,0.0,0.1,1.0,0.2,2.3,0.2,1.2,0.9,1.8,0.3,1.3,0.2,0.4,3.2,1.0
2020-03-29,0.3,0.1,0.0,0.1,1.3,0.2,2.5,0.2,1.3,1.4,2.8,0.2,1.3,0.2,0.5,3.7,1.1
2020-03-30,0.5,0.2,0.0,0.1,1.3,0.4,2.9,0.2,1.5,1.5,2.6,0.3,1.5,0.3,0.6,4.1,1.3
2020-03-31,0.5,0.2,0.0,0.1,1.2,0.3,3.4,0.2,1.8,1.8,4.4,0.4,1.5,0.2,0.7,3.9,1.3
2020-04-01,0.4,0.2,0.1,0.3,1.2,0.3,3.8,0.2,2.2,1.9,6.9,0.5,1.5,0.2,0.8,4.1,1.4
2020-04-02,0.6,0.2,0.1,0.4,1.4,0.4,3.9,0.3,2.3,1.9,7.6,0.6,1.6,0.3,0.8,6.3,1.5
2020-04-03,0.7,0.5,0.2,0.5,1.4,0.4,4.1,0.2,2.7,2.0,10.7,0.7,1.4,0.3,0.9,6.3,1.6
2020-04-04,0.6,0.5,0.2,0.5,1.7,0.5,4.2,0.3,2.7,2.2,11.7,0.8,1.5,0.4,0.8,6.4,1.7
2020-04-05,0.7,1.4,0.1,0.7,1.5,0.5,4.3,0.3,2.8,2.1,12.1,0.8,1.6,0.5,0.8,6.4,1.7
2020-04-06,0.7,2.0,0.1,0.7,1.6,0.4,4.4,0.3,2.5,2.0,14.6,0.7,1.7,0.5,0.7,6.8,1.7
2020-04-07,0.7,2.7,0.2,0.7,1.7,0.4,4.4,0.3,2.4,1.8,14.2,0.6,1.6,0.5,0.7,7.7,1.7
2020-04-08,0.8,3.2,0.2,0.5,1.7,0.4,4.6,0.2,2.3,1.8,13.4,0.6,1.8,0.6,0.6,8.4,1.8
2020-04-09,0.9,3.9,0.3,0.3,1.6,0.5,4.2,0.2,2.2,1.8,13.8,0.6,2.1,0.6,0.5,6.4,1.9
2020-04-10,1.2,4.2,0.4,0.1,1.5,0.4,3.9,0.2,1.8,1.6,14.0,0.5,2.6,0.8,0.5,6.1,2.0
2020-04-11,1.3,5.4,0.4,0.1,1.2,0.3,3.7,0.1,1.7,1.4,16.4,0.5,2.6,0.8,0.5,5.7,2.0
2020-04-12,1.6,4.9,0.4,0.0,1.2,0.3,3.7,0.1,1.5,1.3,16.5,0.4,2.6,1.0,0.5,5.3,2.0
2020-04-13,1.7,4.2,0.4,0.0,1.1,0.3,3.3,0.1,1.5,1.2,15.5,0.4,2.7,1.2,0.5,4.0,2.0
2020-04-14,1.8,3.8,0.3,0.0,1.0,0.2,2.9,0.2,1.4,1.4,15.1,0.4,3.1,1.5,0.5,2.8,2.1
2020-04-15,2.0,3.5,0.2,0.0,0.9,0.2,2.2,0.2,1.0,1.3,14.3,0.4,3.1,1.3,0.5,2.0,2.0
2020-04-16,2.1,3.1,0.1,0.0,0.9,0.1,2.7,0.1,0.9,1.2,14.5,0.5,3.3,1.4,0.7,1.9,2.1
2020-04-17,2.1,2.7,0.0,0.0,0.9,0.1,2.7,0.2,1.0,1.1,13.6,1.2,3.0,1.4,0.8,1.9,2.0
2020-04-18,2.3,2.0,0.0,0.0,1.0,0.1,2.9,0.1,0.8,0.9,11.6,1.8,3.1,1.6,0.8,1.7,2.1
2020-04-19,2.3,1.7,0.0,0.0,1.0,0.0,2.8,0.1,0.8,0.8,12.6,2.1,3.1,1.6,0.9,1.8,2.1
2020-04-20,2.4,2.6,0.0,0.0,1.0,0.1,3.5,0.1,0.7,0.8,12.1,2.1,3.2,1.5,0.8,1.9,2.2
2020-04-21,2.8,2.8,0.0,0.0,0.9,0.1,3.9,0.1,0.8,0.7,13.1,2.2,3.0,1.6,0.9,2.0,2.1
2020-04-22,3.1,3.2,0.0,0.0,1.0,0.1,4.0,0.1,0.9,0.7,12.9,2.2,3.1,1.9,0.9,1.9,2.2
2020-04-23,3.1,4.6,0.2,0.0,1.0,0.0,3.7,0.3,0.9,0.7,11.9,2.1,3.1,2.3,0.7,1.9,2.2
2020-04-24,3.2,5.9,0.4,0.0,0.9,0.1,3.9,0.4,0.8,0.7,9.9,1.6,3.2,2.3,0.7,1.6,2.2
2020-04-25,3.4,5.8,0.5,0.0,0.8,0.1,3.6,0.4,0.8,0.7,10.7,0.9,3.5,2.3,0.7,1.6,2.3
2020-04-26,4.0,6.1,0.7,0.0,0.7,0.1,3.4,0.5,0.8,0.7,9.2,0.7,3.7,2.5,0.6,1.5,2.4
2020-04-27,4.0,5.9,1.0,0.0,0.7,0.1,2.7,0.5,0.8,0.6,8.4,0.7,3.9,2.6,0.7,1.5,2.4
2020-04-28,3.9,5.6,1.0,0.0,0.6,0.1,2.2,0.6,0.7,0.5,8.0,0.9,4.4,2.4,0.7,1.5,2.6
2020-04-29,3.9,5.2,1.3,0.0,0.5,0.1,2.3,0.6,0.6,0.4,8.7,0.8,4.9,2.6,0.8,1.6,2.8
2020-04-30,4.3,3.9,1.1,0.0,0.4,0.1,2.1,0.5,0.5,0.6,8.8,0.8,5.6,2.6,0.9,1.7,3.1
2020-05-01,4.6,3.3,1.0,0.0,0.4,0.1,1.6,0.4,0.7,0.5,8.2,0.6,6.6,2.5,1.0,1.5,3.5
2020-05-02,5.9,3.5,1.6,0.0,0.5,0.1,1.6,0.5,0.8,0.7,7.8,0.6,7.9,2.6,1.2,1.4,4.1
2020-05-03,6.1,3.2,1.7,0.0,0.5,0.3,1.6,0.5,0.7,0.7,8.7,0.5,9.1,4.3,1.3,1.5,4.6
2020-05-04,6.3,2.4,1.6,0.0,0.5,0.3,1.3,0.5,0.8,0.7,9.9,0.5,10.0,4.9,1.2,1.3,5.0
2020-05-05,6.8,2.7,2.0,0.0,0.6,0.4,1.4,0.6,0.8,0.7,9.3,0.3,11.3,5.7,1.4,1.2,5.6
2020-05-06,7.0,2.6,1.7,0.0,0.6,0.4,1.3,0.6,1.0,0.6,8.3,0.2,11.8,5.8,1.4,0.8,5.8
2020-05-07,7.2,2.6,2.0,0.1,0.7,0.4,1.3,0.6,0.9,0.5,8.9,0.3,12.7,8.2,1.6,0.7,6.2
2020-05-08,6.9,1.7,2.0,0.1,1.0,0.6,1.5,0.8,0.8,0.5,11.3,0.4,13.1,9.7,1.9,0.7,6.5
2020-05-09,5.5,1.7,2.6,0.1,1.1,0.9,1.5,0.9,0.7,0.4,10.3,0.5,12.8,10.2,1.9,0.7,6.4
2020-05-10,4.9,1.8,2.6,0.1,1.2,0.8,1.8,1.0,0.9,0.3,9.3,0.6,13.5,9.3,2.1,0.7,6.7
2020-05-11,5.2,2.4,2.9,0.1,1.5,0.8,1.9,1.2,1.1,0.3,8.5,0.7,13.7,9.4,2.3,0.8,6.9
2020-05-12,6.2,2.0,2.5,0.1,1.4,0.9,1.8,1.3,1.1,0.4,8.1,0.7,14.1,9.6,2.5,1.0,7.1
2020-05-13,7.5,2.3,2.7,0.1,1.6,1.0,1.9,1.5,1.4,0.4,8.2,1.0,16.5,10.3,3.0,1.3,8.3
2020-05-14,7.9,2.2,2.4,0.0,1.6,1.1,2.1,2.1,1.4,0.4,7.9,1.3,18.3,9.9,3.1,1.6,9.1
2020-05-15,8.4,2.3,2.5,0.0,1.7,1.2,2.3,2.2,1.5,0.6,5.6,1.5,19.9,11.9,3.5,2.5,10.0
2020-05-16,10.0,2.3,1.3,0.0,1.6,1.0,2.4,2.1,1.4,0.5,5.7,1.5,20.8,13.4,3.5,3.4,10.4
2020-05-17,10.9,2.2,1.1,0.0,1.7,1.0,2.1,2.5,1.2,0.5,5.4,1.7,21.7,17.0,3.9,3.6,11.0
2020-05-18,11.9,2.7,1.1,0.0,1.8,1.2,2.4,2.9,1.0,0.6,5.6,1.9,23.1,19.0,4.2,4.8,11.7
2020-05-19,11.1,4.0,1.1,0.0,2.0,1.6,2.6,3.1,1.0,0.6,5.0,2.2,26.2,19.8,4.4,4.5,13.1
2020-05-20,10.6,3.7,1.1,0.0,2.1,1.9,2.6,3.0,0.6,1.2,4.5,2.5,28.5,19.6,4.7,4.8,14.1
2020-05-21,10.3,5.1,1.3,0.0,2.3,1.8,2.5,2.5,1.0,1.5,4.2,2.7,30.6,21.0,4.9,4.8,15.1
2020-05-22,10.5,5.8,1.5,0.0,2.4,1.7,2.4,2.4,1.2,1.5,4.4,3.1,33.5,22.9,5.2,3.9,16.4
2020-05-23,9.7,5.9,1.6,0.0,2.4,1.8,2.6,2.7,1.3,1.9,3.6,3.4,36.2,23.4,5.5,4.4,17.6
2020-05-24,9.1,6.8,1.5,0.0,2.7,2.2,2.8,2.7,1.4,2.5,3.9,4.0,38.4,22.0,5.5,4.5,18.6
2020-05-25,8.8,6.5,1.3,0.3,2.7,2.2,3.1,2.5,1.8,2.6,3.6,4.4,43.0,21.4,5.5,4.3,20.5
2020-05-26,8.6,5.7,1.4,0.5,2.8,2.5,3.1,3.1,2.0,2.6,4.7,4.7,43.4,23.4,5.9,4.4,20.8
2020-05-27,8.4,6.6,1.5,0.5,2.9,3.3,3.3,3.4,2.0,2.2,4.8,4.9,43.7,25.1,5.9,4.6,21.1
2020-05-28,9.7,6.2,1.5,0.8,3.6,3.7,3.4,3.5,1.9,2.1,4.2,4.9,44.4,26.5,6.1,5.2,21.6
2020-05-29,9.8,6.3,1.5,1.1,4.0,4.4,3.5,3.6,1.7,2.4,4.4,5.0,43.2,26.1,6.0,6.1,21.1
2020-05-30,11.0,6.0,1.5,1.1,4.6,5.2,4.0,3.4,2.1,2.5,4.6,5.5,43.7,29.1,6.7,5.0,21.6
2020-05-31,11.6,6.9,1.6,1.2,4.9,5.2,3.7,3.3,2.0,2.3,3.7,5.1,45.6,29.7,6.8,4.3,22.5
2020-06-01,11.8,7.0,2.1,0.9,5.3,5.6,3.6,3.2,1.6,2.3,3.3,4.9,46.3,33.4,7.6,4.2,22.9
2020-06-02,12.1,7.5,2.2,0.8,5.0,5.2,3.6,2.7,1.8,2.3,2.3,4.6,45.6,32.0,8.3,4.0,22.6
2020-06-03,12.0,9.1,2.0,0.8,5.6,4.5,3.6,3.5,2.0,2.2,2.1,6.7,46.0,32.5,8.7,4.3,23.0
2020-06-04,12.7,9.9,2.5,0.7,5.4,5.0,3.2,3.8,1.8,2.1,2.3,7.7,45.7,31.8,9.4,4.7,23.0
2020-06-05,12.5,11.3,2.8,0.4,5.2,5.0,4.2,3.9,2.3,2.1,2.0,8.3,46.0,32.5,10.4,5.2,23.4
2020-06-06,12.5,13.1,3.0,0.4,5.2,5.1,3.7,5.1,2.0,1.9,2.2,9.0,47.4,31.5,11.2,6.0,24.1
2020-06-07,13.3,13.1,4.0,0.4,5.3,6.2,4.3,5.7,2.2,2.1,2.1,10.2,49.2,33.2,12.4,6.5,25.3
2020-06-08,13.6,13.5,4.9,0.5,5.0,7.8,4.2,6.4,2.4,2.2,2.5,10.5,47.3,32.3,13.1,7.3,24.7
2020-06-09,15.5,14.7,5.1,0.4,5.3,8.3,4.3,6.8,2.1,2.7,2.2,11.5,47.4,33.5,13.1,8.2,25.0
2020-06-10,17.4,13.0,5.6,0.4,5.4,9.2,4.4,7.4,2.1,2.8,2.1,10.7,48.4,33.9,13.4,8.0,25.6
2020-06-11,18.4,13.1,5.9,0.4,5.8,9.8,5.0,8.4,2.2,2.9,2.6,10.4,49.7,33.1,13.5,8.4,26.3
2020-06-12,19.8,13.0,6.5,0.4,6.2,10.4,4.1,8.8,1.8,3.1,2.8,10.8,53.9,32.0,13.9,8.1,28.2
2020-06-13,20.8,13.8,7.0,0.7,6.7,10.5,4.6,9.8,2.0,3.1,3.4,11.0,55.5,34.0,14.2,7.5,29.1
2020-06-14,23.4,14.7,6.4,0.5,6.9,9.7,4.2,10.7,2.2,2.8,5.7,11.2,56.2,33.4,13.8,8.0,29.5
2020-06-15,27.1,15.0,6.6,0.7,6.9,9.4,4.5,10.9,2.5,3.7,7.8,11.5,56.5,32.3,13.6,7.8,29.8
2020-06-16,25.6,13.7,7.0,0.7,7.0,9.3,4.6,13.0,2.4,3.1,9.8,11.4,58.3,32.6,13.6,7.5,30.6
2020-06-17,25.0,16.0,8.4,0.7,7.2,9.4,4.3,14.1,2.8,3.1,9.7,10.6,56.4,33.1,13.5,8.1,29.9
2020-06-18,26.9,15.1,8.5,0.5,7.6,9.5,4.3,15.7,2.7,3.2,9.4,11.7,54.0,32.3,13.3,7.7,29.1
2020-06-19,30.4,15.8,9.1,0.7,8.3,10.0,4.2,18.8,2.9,3.0,9.7,12.8,52.0,32.2,13.1,10.1,28.7
2020-06-20,35.2,14.6,9.3,0.5,9.1,10.0,3.6,20.8,3.1,3.1,9.5,12.7,49.5,31.0,12.4,10.4,27.9
2020-06-21,35.2,14.5,10.2,0.5,10.1,10.8,3.8,23.7,3.4,3.5,8.7,14.0,46.2,30.0,12.8,10.0,26.9
2020-06-22,34.7,15.6,10.2,0.3,11.8,9.9,3.7,25.9,3.8,2.7,7.4,14.6,44.7,29.4,13.2,9.1,26.5
2020-06-23,38.7,15.9,10.7,0.3,12.7,10.1,3.3,25.4,4.1,2.7,6.3,15.3,42.0,28.7,13.5,8.9,25.6
2020-06-24,41.0,14.4,10.2,0.3,12.4,9.6,3.1,26.1,3.7,2.6,6.3,16.0,39.9,26.8,14.1,8.1,24.8
2020-06-25,41.0,15.4,11.4,0.4,13.0,9.6,2.8,26.7,3.9,2.6,7.4,15.6,39.9,26.4,14.6,7.2,24.9
2020-06-26,39.5,14.3,12.0,0.4,13.4,8.7,2.9,26.3,3.9,2.6,7.6,15.2,36.7,26.8,14.9,4.8,23.5
2020-06-27,37.4,16.2,12.5,0.9,12.7,8.7,2.9,24.6,3.8,2.5,8.7,15.4,35.6,23.4,14.9,5.1,22.8
2020-06-28,38.1,15.8,12.4,1.7,12.8,8.5,2.9,23.8,3.6,2.4,8.0,14.0,33.4,23.7,14.6,5.7,21.8
2020-06-29,39.6,15.0,13.1,1.9,12.3,9.1,2.9,23.9,3.3,2.4,7.0,14.0,32.5,23.1,14.0,5.7,21.3
2020-06-30,38.0,15.3,13.4,1.9,11.8,9.7,2.9,24.8,3.0,2.7,7.1,13.2,32.2,22.7,13.5,5.6,21.0
2020-07-01,38.3,17.2,14.9,1.9,11.9,9.9,2.9,23.6,3.2,2.7,7.8,13.4,30.3,22.8,13.3,5.4,20.3
2020-07-02,36.5,18.2,13.5,2.3,10.7,9.1,2.9,22.7,3.7,2.4,6.4,12.5,27.4,23.8,12.5,6.0,18.7
2020-07-03,37.7,19.3,12.7,2.1,10.1,8.9,3.1,21.5,4.2,2.1,6.3,12.1,26.4,21.9,12.2,6.0,18.2
2020-07-04,37.1,19.2,12.8,1.5,9.6,9.4,3.4,22.2,4.5,2.1,4.5,12.1,25.2,22.4,12.5,6.0,17.7
2020-07-05,37.4,20.2,13.5,0.9,9.1,9.9,3.2,21.1,5.1,1.6,4.1,11.9,24.3,23.0,12.7,6.0,17.3
2020-07-06,35.7,22.8,13.4,0.8,8.7,10.0,3.4,20.3,5.0,1.5,4.9,11.5,22.8,24.6,12.3,6.5,16.6
2020-07-07,36.4,23.0,12.7,0.8,8.7,9.8,3.4,20.0,5.2,1.2,4.2,11.9,21.1,24.5,12.3,6.8,15.9
2020-07-08,36.0,22.8,11.0,0.9,8.3,9.7,3.3,19.1,5.8,1.2,3.7,10.9,20.6,25.1,11.6,8.0,15.4
2020-07-09,37.0,25.0,13.3,0.4,8.8,10.4,3.4,19.0,5.8,1.6,4.4,11.1,21.1,24.3,11.6,9.4,15.9
2020-07-10,35.0,24.5,13.7,0.5,8.8,11.9,3.0,20.8,5.4,1.6,4.6,10.8,20.2,24.7,11.6,9.7,15.6
2020-07-11,36.3,25.3,14.3,0.7,8.9,11.8,2.6,19.5,5.9,1.6,5.3,10.1,18.6,25.3,10.9,10.5,14.8
2020-07-12,34.7,26.1,14.7,1.1,8.6,11.4,2.8,18.3,5.7,1.5,5.5,9.9,17.8,23.8,10.7,10.8,14.3
2020-07-13,34.7,26.9,15.1,1.3,8.4,10.6,2.1,17.8,6.0,1.3,5.0,9.8,17.5,20.9,11.0,10.4,14.0
2020-07-14,33.7,29.4,15.9,1.3,8.3,9.5,2.0,16.9,6.8,1.5,5.9,9.4,16.7,19.1,10.7,10.4,13.6
2020-07-15,32.3,31.5,16.6,1.5,8.4,10.1,2.4,17.1,6.6,1.4,6.4,9.6,16.2,17.8,10.3,9.3,13.3
2020-07-16,31.1,32.1,14.3,1.6,8.6,9.8,2.4,16.5,6.8,1.6,5.4,9.9,15.3,16.5,10.3,8.6,12.8
2020-07-17,31.7,34.7,12.7,2.5,8.5,9.5,2.2,14.6,7.1,2.3,4.6,10.0,15.2,16.6,9.9,7.5,12.7
2020-07-18,29.1,34.9,12.2,2.4,8.5,9.2,2.1,13.8,6.2,2.2,4.2,9.6,14.8,17.2,9.4,8.2,12.2
2020-07-19,28.7,33.3,11.5,1.7,8.3,10.6,1.9,13.7,6.8,2.4,3.9,9.9,13.4,16.2,8.8,7.5,11.6
2020-07-20,26.2,35.4,10.7,1.5,8.5,11.6,2.1,13.0,6.4,2.7,3.5,9.5,12.5,19.6,8.6,7.6,11.2
2020-07-21,23.9,36.9,11.7,1.5,8.6,12.6,2.3,12.1,6.5,2.5,2.6,10.0,12.2,20.6,8.4,7.5,11.0
2020-07-22,24.1,34.8,10.9,1.2,8.6,12.1,2.1,12.2,6.8,2.4,2.5,9.7,12.3,20.7,9.1,7.4,11.1
2020-07-23,23.5,36.4,12.6,1.1,8.5,13.3,2.1,11.9,6.9,2.1,3.0,9.4,11.9,22.2,9.1,6.8,11.0
2020-07-24,22.2,39.1,15.3,0.1,8.7,13.8,2.4,11.7,7.7,1.4,3.1,9.0,11.2,23.2,8.8,7.1,10.8
2020-07-25,21.0,40.5,16.7,0.4,9.0,15.1,2.7,11.9,9.5,1.5,2.7,9.8,10.8,21.9,9.6,5.0,10.9
2020-07-26,20.1,45.6,22.0,0.4,9.3,15.1,2.7,11.8,10.1,1.5,3.0,9.6,10.8,20.8,9.3,4.4,10.9
2020-07-27,20.9,42.5,20.9,0.8,9.3,15.1,3.0,11.7,11.7,1.4,3.8,10.0,10.7,20.3,9.1,5.2,11.0
2020-07-28,21.8,43.5,20.2,0.8,9.6,15.7,3.1,11.0,12.3,1.4,5.7,9.0,10.6,28.6,9.0,4.9,11.1
2020-07-29,21.2,45.8,21.6,1.1,9.8,16.9,3.4,10.4,12.2,1.5,5.4,9.4,10.5,29.1,8.3,5.4,11.1
2020-07-30,19.6,43.9,24.0,1.1,9.7,16.2,3.4,10.1,12.4,1.5,9.3,9.4,10.0,30.3,8.1,5.1,10.8
2020-07-31,19.5,40.6,26.6,1.3,9.6,16.6,3.4,9.1,12.5,1.5,10.5,9.2,9.5,26.9,8.0,5.0,10.5
2020-08-01,19.5,40.9,27.5,1.1,9.6,15.3,3.4,8.9,12.6,1.3,11.9,8.2,9.3,26.7,7.6,5.2,10.3
2020-08-02,19.1,37.5,24.9,1.5,9.6,14.7,3.7,8.6,12.5,1.2,13.1,7.9,9.3,27.4,8.0,5.8,10.2
2020-08-03,19.2,36.5,30.3,1.1,9.6,14.0,3.7,8.5,11.5,1.3,13.8,7.6,8.9,25.3,7.8,4.7,9.9
2020-08-04,18.3,34.1,29.7,1.1,9.4,14.1,3.6,8.7,11.7,1.2,14.6,8.2,8.6,17.2,7.8,4.7,9.6
2020-08-05,18.8,32.1,34.5,0.8,9.5,13.1,3.3,8.4,12.1,1.3,16.4,7.5,8.6,18.0,7.8,4.6,9.6
2020-08-06,19.7,32.0,32.0,0.9,9.7,13.5,3.7,8.3,12.3,1.2,15.4,7.3,8.6,15.1,7.9,4.3,9.6
2020-08-07,19.2,32.1,32.5,0.8,10.1,12.5,3.5,8.9,12.6,1.2,14.5,7.6,8.5,17.0,8.0,4.9,9.7
2020-08-08,19.9,30.4,34.5,0.8,10.1,12.6,3.4,10.8,12.1,1.6,16.8,8.4,8.4,15.6,8.4,5.5,9.8
2020-08-09,19.7,34.7,30.6,1.5,10.4,12.9,3.2,10.9,12.1,1.5,17.1,8.3,8.2,16.6,8.3,5.6,9.8
2020-08-10,19.7,37.2,38.4,1.6,10.3,13.8,3.2,10.9,12.2,1.7,19.6,8.2,8.0,16.2,8.5,6.1,10.0
2020-08-11,19.7,38.0,42.7,1.6,10.5,13.7,3.1,11.6,11.0,2.0,19.6,7.9,8.0,18.6,8.4,6.3,10.0
2020-08-12,18.0,41.0,40.1,1.6,10.0,13.7,3.3,12.4,11.1,2.1,19.0,8.1,7.6,18.2,8.7,6.5,9.9
2020-08-13,17.5,38.9,41.4,1.5,10.3,14.0,3.0,12.4,10.7,2.2,17.0,7.9,7.4,19.9,8.6,7.0,9.8
2020-08-14,17.6,38.8,40.8,1.2,10.1,13.9,3.1,11.7,10.2,2.3,20.3,7.6,7.5,19.4,8.8,6.6,9.7
2020-08-15,16.4,39.9,40.2,1.3,10.0,15.3,3.5,9.4,9.8,1.9,20.7,7.4,7.2,20.3,8.4,5.5,9.4
2020-08-16,16.2,36.3,45.7,0.5,10.0,15.3,3.4,9.3,9.7,2.0,23.9,7.7,7.1,19.0,8.8,4.9,9.5
2020-08-17,15.4,34.3,36.9,0.4,10.5,14.7,3.2,8.8,9.3,1.6,21.3,7.7,6.9,20.6,8.6,4.9,9.1
2020-08-18,15.0,32.0,36.8,0.4,10.2,15.1,3.5,8.2,9.6,1.2,23.9,7.8,6.7,18.3,8.5,5.2,9.0
2020-08-19,14.8,27.4,34.6,0.4,10.6,15.3,3.4,7.5,9.0,1.1,25.2,7.9,6.5,17.5,8.6,5.0,8.7
2020-08-20,14.1,27.8,32.6,0.5,10.9,14.6,3.4,7.4,9.3,0.9,29.0,8.4,6.5,16.3,8.4,5.3,8.7
2020-08-21,14.1,27.6,30.5,0.5,11.2,14.5,3.8,7.3,9.0,1.0,32.4,8.5,6.1,16.5,8.5,5.6,8.6
2020-08-22,13.7,26.9,29.5,0.7,11.8,14.2,3.8,7.3,8.7,1.2,34.4,8.5,6.3,16.4,8.3,7.2,8.7
2020-08-23,12.7,24.4,26.5,0.4,12.4,15.1,3.7,7.1,8.3,1.6,38.3,8.2,6.1,16.9,8.0,7.9,8.6
2020-08-24,13.1,25.0,26.1,0.5,12.9,15.6,3.6,8.2,8.4,1.7,46.1,8.3,6.1,15.5,8.3,8.6,8.9
2020-08-25,13.0,24.4,24.4,1.1,13.2,15.2,3.6,8.4,8.0,1.8,48.3,8.3,6.3,14.8,8.3,8.8,8.9
2020-08-26,13.3,24.9,22.8,1.6,13.2,15.7,3.6,8.8,8.1,1.8,50.1,8.5,6.4,14.3,8.2,10.0,9.0
2020-08-27,13.9,23.5,22.6,1.5,14.0,15.5,3.3,8.3,7.4,2.0,56.7,8.0,6.2,13.8,8.4,10.2,9.0
2020-08-28,12.6,22.6,22.4,2.0,14.0,16.0,3.0,8.5,7.7,2.0,54.0,7.8,6.2,12.2,8.6,11.6,8.9
2020-08-29,13.0,21.0,21.2,2.9,15.3,14.3,2.9,9.1,7.7,1.8,56.1,7.8,6.0,12.8,9.1,12.3,9.0
2020-08-30,13.7,22.0,21.3,2.9,14.8,12.3,3.0,9.2,7.9,1.4,55.2,8.0,6.2,11.8,9.4,12.8,9.0
2020-08-31,12.2,21.2,18.7,2.9,14.8,12.3,3.2,8.7,7.8,1.9,54.6,8.0,6.2,11.3,9.6,13.4,8.9
2020-09-01,12.2,22.2,17.7,2.4,14.8,11.6,3.2,8.9,8.0,2.1,56.1,8.0,6.1,10.7,10.1,13.0,8.9
2020-09-02,11.8,21.0,19.0,1.9,14.9,11.5,3.4,8.8,8.3,2.1,61.9,7.8,6.3,11.0,10.5,11.8,9.1
2020-09-03,11.6,22.0,17.9,1.9,14.2,11.3,4.0,9.4,8.4,2.7,59.4,8.2,6.4,10.9,10.3,11.7,9.1
2020-09-04,11.5,21.5,16.5,1.3,14.6,10.7,4.3,9.5,7.7,2.9,63.4,9.3,6.4,10.9,10.2,11.7,9.2
2020-09-05,11.1,21.2,14.8,0.9,13.5,11.4,4.4,9.6,8.0,3.2,71.4,9.4,6.5,10.0,10.0,10.6,9.1
2020-09-06,10.7,20.9,13.9,1.5,14.1,11.5,4.5,9.6,8.5,3.5,74.2,9.6,6.4,9.9,9.8,11.6,9.2
2020-09-07,11.2,20.6,13.4,1.3,13.7,10.9,4.7,9.8,8.5,3.5,83.1,10.7,6.4,9.3,9.3,10.6,9.2
2020-09-08,11.3,19.7,12.7,1.3,13.6,10.8,4.8,9.9,8.2,3.6,82.3,10.8,6.3,9.6,8.9,10.8,9.1
2020-09-09,11.0,20.1,13.2,1.3,13.7,10.1,5.2,9.6,7.7,4.4,76.9,11.2,6.4,9.7,8.2,10.9,9.0
2020-09-10,10.8,18.7,13.8,2.3,13.7,9.9,5.3,9.2,7.5,4.2,72.3,12.0,6.3,9.5,8.3,10.7,8.9
2020-09-11,10.6,18.4,14.6,2.3,13.1,10.0,5.7,9.4,8.2,4.9,72.7,12.2,6.0,9.6,8.2,10.8,8.8
2020-09-12,10.1,17.8,14.9,1.6,13.2,10.3,6.1,10.0,8.1,5.7,77.2,13.0,5.9,9.6,8.1,11.7,9.0
2020-09-13,9.4,17.8,14.7,2.4,12.8,10.3,6.7,10.6,6.9,6.8,84.8,13.6,5.7,10.4,8.1,12.0,9.0
2020-09-14,9.1,17.1,15.2,4.1,12.6,10.0,6.8,10.4,7.1,7.2,75.8,13.2,5.7,11.1,8.5,12.8,8.9
2020-09-15,8.8,17.5,16.3,5.3,12.8,10.6,7.6,10.8,8.1,7.5,74.4,13.5,5.6,11.1,8.7,13.5,9.1
2020-09-16,8.5,18.4,14.3,5.6,12.6,10.1,7.6,11.1,7.9,7.1,82.7,13.5,5.4,10.1,8.7,13.4,9.0
2020-09-17,7.8,18.2,14.9,6.0,12.7,9.8,7.4,11.6,8.9,6.9,96.4,13.6,5.4,10.7,8.3,13.9,9.1
2020-09-18,7.5,17.7,14.1,7.7,12.8,9.4,7.2,11.6,8.3,6.5,96.0,13.2,5.3,10.7,8.4,13.2,9.0
2020-09-19,7.2,19.0,15.9,10.4,12.5,8.3,7.4,11.1,10.2,5.4,88.3,12.8,5.1,10.0,8.2,12.2,8.8
2020-09-20,6.9,19.0,15.3,10.3,11.7,7.3,7.1,10.9,10.7,4.3,85.8,12.0,5.0,9.0,7.5,11.5,8.4
2020-09-21,6.0,16.9,15.9,9.9,11.1,6.5,7.7,11.1,10.3,4.7,96.6,11.5,4.6,8.7,6.6,10.4,8.1
2020-09-22,5.9,16.0,13.4,10.1,10.8,5.3,7.5,10.0,9.7,4.4,100.8,11.6,4.4,8.4,5.9,9.5,7.7
2020-09-23,6.1,15.9,15.0,12.0,11.0,5.0,8.0,10.3,9.9,4.8,97.6,12.0,4.3,8.2,5.9,9.4,7.8
2020-09-24,6.5,16.5,14.2,13.0,11.1,4.7,7.9,10.1,9.9,5.7,95.1,11.6,4.2,7.2,6.1,8.8,7.7
2020-09-25,7.0,18.1,14.6,13.2,11.4,4.2,9.1,10.3,12.3,6.4,109.0,11.7,4.3,7.1,5.9,8.6,8.1
2020-09-26,7.5,17.7,12.6,13.0,11.8,4.2,9.2,10.2,11.3,7.8,114.5,12.2,4.5,8.0,6.1,9.3,8.3
2020-09-27,8.4,19.3,13.5,13.0,12.3,4.9,9.9,10.1,12.4,9.3,110.1,12.5,4.4,8.8,6.3,9.0,8.5
2020-09-28,8.8,22.5,14.0,11.8,13.0,5.3,9.8,9.7,14.5,9.3,108.8,12.9,4.8,8.9,6.7,9.2,8.9
2020-09-29,8.3,23.9,14.8,21.8,12.9,5.7,9.3,10.6,16.2,10.8,119.5,12.7,4.9,9.4,7.1,9.7,9.4
2020-09-30,8.5,25.0,13.9,24.5,12.6,6.0,10.5,10.3,16.4,11.4,122.8,12.4,5.2,10.5,7.3,9.7,9.6
2020-10-01,8.0,26.0,14.6,25.6,12.1,5.8,11.7,10.2,16.9,11.4,117.5,12.5,5.2,11.6,7.1,9.9,9.6
2020-10-02,7.9,26.5,14.1,26.0,11.4,5.7,11.4,9.6,15.9,12.1,105.3,12.3,5.3,11.4,6.7,10.1,9.3
2020-10-03,7.9,27.3,13.9,28.1,10.7,5.8,12.1,9.5,16.9,12.1,108.0,11.4,4.9,12.3,6.4,8.9,9.2
2020-10-04,7.2,26.1,12.4,31.4,10.7,5.0,12.3,8.9,16.6,12.0,113.6,11.2,4.8,11.3,6.5,8.0,9.0
2020-10-05,7.5,24.6,10.6,31.6,10.3,4.6,13.4,9.2,16.7,11.5,107.2,11.3,4.7,11.1,6.3,7.5,8.9
2020-10-06,7.6,24.4,10.8,21.0,10.3,4.5,14.5,8.6,17.0,11.7,111.4,11.4,4.6,10.7,6.2,6.8,8.8
2020-10-07,6.9,23.5,10.6,19.6,10.0,4.3,13.4,7.9,17.4,11.4,108.6,10.5,4.3,10.0,6.1,6.7,8.4
2020-10-08,7.5,23.5,10.4,17.2,9.6,4.3,14.2,7.7,17.4,11.3,111.1,10.0,4.1,9.3,5.8,6.6,8.3
2020-10-09,7.5,22.0,9.7,19.3,9.5,3.9,15.1,7.6,17.0,11.3,116.0,9.7,4.0,8.7,5.7,6.0,8.2
2020-10-10,7.0,20.7,10.0,17.3,9.9,3.3,15.1,7.4,16.7,11.1,118.8,9.9,4.1,7.3,5.6,5.8,8.2
2020-10-11,7.2,19.7,10.2,17.3,10.0,3.2,15.7,7.9,17.9,11.0,111.0,9.9,4.1,8.7,5.3,6.0,8.2
2020-10-12,7.3,20.6,10.8,19.4,10.3,3.0,15.4,7.4,17.1,11.3,107.6,9.9,4.0,8.6,5.4,6.2,8.2
2020-10-13,7.3,20.1,9.9,20.5,10.8,2.9,15.8,7.8,17.4,10.8,90.3,9.7,4.0,8.2,5.1,6.9,8.1
2020-10-14,7.4,20.1,9.6,19.7,11.2,2.7,16.0,7.8,17.8,10.2,87.5,9.8,4.0,8.4,4.8,7.1,8.0
2020-10-15,6.8,19.2,8.8,22.1,11.3,2.5,15.2,7.3,17.7,9.6,80.3,8.9,3.9,7.8,4.8,6.0,7.7
2020-10-16,6.3,19.5,8.9,20.1,12.4,2.6,14.7,6.9,19.3,9.9,71.1,8.3,3.8,8.5,4.7,5.5,7.6
2020-10-17,6.8,19.4,8.9,21.4,12.4,2.6,14.1,7.8,20.3,11.1,51.7,8.7,3.9,8.7,4.6,6.0,7.6
2020-10-18,6.3,19.9,8.8,18.0,12.7,2.8,14.9,7.9,20.6,11.0,48.5,8.6,3.9,6.9,4.6,5.8,7.6
2020-10-19,5.8,18.0,8.8,19.2,12.4,2.6,14.7,8.4,21.2,11.3,50.1,8.4,4.0,7.2,4.5,6.3,7.6
2020-10-20,6.1,16.8,8.5,20.1,12.0,2.5,13.9,8.0,20.1,11.5,48.0,8.3,4.0,7.3,4.5,5.5,7.4
2020-10-21,6.0,16.1,8.0,22.0,12.0,2.6,14.5,8.3,20.6,11.7,44.5,8.1,3.9,7.8,4.7,5.5,7.5
2020-10-22,6.2,16.6,8.4,20.5,12.1,2.5,14.0,8.6,22.3,13.1,45.5,8.6,4.1,8.4,4.8,6.4,7.7
2020-10-23,6.0,16.1,8.7,21.2,11.6,2.3,16.1,8.8,22.6,12.6,45.1,8.7,4.1,8.5,4.6,7.3,7.8
2020-10-24,5.7,16.6,7.5,20.0,11.6,2.2,17.3,7.8,22.3,12.1,46.3,8.0,4.1,8.1,4.4,7.0,7.7
2020-10-25,5.9,15.9,7.5,19.2,11.1,2.0,16.5,7.2,22.3,12.7,45.9,7.8,4.0,8.6,4.2,6.9,7.5
2020-10-26,6.0,16.7,6.9,17.3,11.6,2.0,17.4,6.5,22.6,13.2,43.0,7.6,3.9,8.7,4.1,6.5,7.5
2020-10-27,5.6,16.7,7.1,14.9,11.8,1.7,17.6,6.0,23.2,13.9,38.6,7.1,3.7,9.3,4.0,6.6,7.4
2020-10-28,5.8,15.8,7.1,11.1,11.6,1.7,17.8,5.5,22.5,14.8,38.4,6.9,3.7,9.0,3.8,6.6,7.2
2020-10-29,6.2,15.7,6.6,11.1,11.8,1.8,18.8,5.4,22.2,13.9,37.4,7.3,3.7,8.8,3.6,6.8,7.3
2020-10-30,6.3,15.2,6.6,9.1,11.4,1.8,16.7,5.2,21.7,15.0,36.8,7.8,3.6,9.1,3.6,6.6,7.1
2020-10-31,5.6,14.8,6.9,7.7,11.4,1.7,16.7,4.7,21.4,16.6,40.0,7.8,3.7,10.2,3.5,7.2,7.1
2020-11-01,5.6,13.9,6.4,8.8,11.4,1.6,17.3,4.6,21.9,17.4,41.3,7.5,3.6,10.0,3.7,8.0,7.2
2020-11-02,5.5,12.6,5.5,9.1,11.2,1.6,16.4,4.6,22.5,18.7,39.0,7.2,3.6,9.7,3.5,7.4,7.0
2020-11-03,5.4,12.9,5.1,8.7,11.1,1.7,16.8,4.5,21.9,18.6,42.5,7.4,3.7,8.5,3.5,8.2,7.1
2020-11-04,4.9,12.9,4.6,10.4,11.2,1.6,16.0,4.4,22.0,19.0,42.5,7.4,3.6,8.2,3.5,7.7,7.0
2020-11-05,4.3,12.1,4.0,9.5,11.5,1.4,17.1,4.1,21.1,20.6,44.3,7.1,3.6,8.6,3.5,7.1,7.0
2020-11-06,4.3,12.1,3.0,9.9,12.0,1.4,18.3,4.2,22.5,20.9,46.1,6.4,3.7,8.9,3.5,7.0,7.2
2020-11-07,5.0,11.5,2.0,9.6,12.3,1.3,18.4,4.1,23.3,19.7,44.0,6.5,3.5,8.1,3.5,6.5,7.1
2020-11-08,4.4,12.1,1.8,9.1,12.7,1.2,19.0,4.1,22.0,20.2,43.5,6.3,3.6,8.7,3.4,6.3,7.1
2020-11-09,4.3,13.0,1.7,7.9,12.7,1.3,19.3,4.3,21.5,19.7,44.0,6.4,3.5,9.1,3.4,7.2,7.1
2020-11-10,4.4,12.4,1.7,8.1,12.5,1.2,20.0,4.3,22.8,19.7,43.1,6.3,3.4,10.6,3.4,7.0,7.1
2020-11-11,4.3,12.3,1.5,7.2,12.9,1.1,20.6,4.3,22.8,20.2,40.5,6.4,3.4,10.7,3.5,7.2,7.2
2020-11-12,4.5,11.7,1.6,7.3,13.7,1.3,19.5,4.2,23.8,21.2,38.8,6.3,3.3,11.2,3.6,8.0,7.3
2020-11-13,4.7,10.3,2.3,6.7,13.9,1.2,18.0,3.9,22.7,21.9,37.1,7.0,3.1,10.9,3.8,8.2,7.1
2020-11-14,4.4,9.9,2.5,6.3,14.1,1.3,18.8,4.3,22.6,22.4,38.6,6.7,3.1,10.6,3.7,8.2,7.2
2020-11-15,4.9,9.3,2.6,7.3,14.0,1.3,17.7,3.8,24.1,23.1,36.0,6.9,3.2,10.0,3.7,7.9,7.2
2020-11-16,4.5,8.4,2.8,7.1,14.6,1.2,17.1,3.9,25.0,23.1,35.0,6.7,3.2,8.7,3.6,9.1,7.2
2020-11-17,4.4,8.0,2.9,7.3,14.9,1.2,16.4,4.0,24.1,23.9,34.0,6.9,3.2,8.8,3.6,8.9,7.1
2020-11-18,4.3,8.0,3.5,7.3,14.9,1.2,15.7,4.0,24.4,23.3,34.7,7.0,3.2,8.9,3.5,9.0,7.2
2020-11-19,4.0,7.6,3.7,7.2,14.5,1.2,15.7,4.1,24.2,21.6,33.2,7.2,3.3,7.9,3.3,8.9,7.0
2020-11-20,3.7,8.5,3.4,7.1,14.2,1.5,16.2,3.9,23.6,22.5,35.4,6.3,3.3,7.7,3.2,9.2,7.0
2020-11-21,3.4,7.6,3.3,8.1,14.3,1.6,15.2,3.8,23.5,22.6,31.8,6.3,3.4,7.7,3.2,9.6,6.9
2020-11-22,3.0,7.1,4.0,7.1,14.3,1.7,15.3,4.1,22.4,21.9,34.0,6.4,3.3,7.4,3.0,10.4,6.9
2020-11-23,3.1,7.1,4.2,6.7,14.4,1.9,15.7,4.0,21.4,22.8,36.4,6.3,3.4,8.3,3.2,9.1,6.9
2020-11-24,3.1,7.0,4.2,6.3,14.3,2.2,15.3,4.1,20.8,22.0,40.8,6.2,3.5,6.8,3.4,9.4,6.9
2020-11-25,3.2,6.4,3.6,6.3,14.7,2.3,15.6,4.0,20.0,22.3,41.8,6.1,3.5,7.0,3.4,9.6,7.0
2020-11-26,3.3,6.2,3.5,5.9,14.9,2.4,15.5,4.0,19.8,23.1,45.0,6.1,3.5,8.0,3.6,10.1,7.1
2020-11-27,3.4,5.0,3.6,6.0,15.6,2.3,15.4,4.1,19.1,21.7,45.6,6.3,3.5,8.4,3.5,9.7,7.1
2020-11-28,3.4,5.4,4.4,5.3,15.5,2.5,15.9,4.0,18.1,21.6,48.9,6.1,3.7,8.8,3.9,10.1,7.2
2020-11-29,3.6,5.4,3.7,5.6,15.6,3.0,15.3,3.9,17.7,20.8,49.3,5.8,3.8,8.6,4.0,10.0,7.2
2020-11-30,4.0,5.4,3.8,6.8,15.4,3.0,15.3,3.7,16.5,19.4,48.3,6.1,3.7,8.6,4.0,10.2,7.1
2020-12-01,4.1,5.3,3.5,6.7,16.3,2.9,16.0,3.6,16.7,19.6,47.3,6.0,3.7,9.5,3.8,10.2,7.2
2020-12-02,4.1,5.4,3.7,5.7,16.0,2.8,16.5,4.1,16.6,19.3,45.4,6.3,3.8,8.5,3.9,9.9,7.2
2020-12-03,3.7,5.0,3.7,5.7,16.7,2.9,15.9,4.4,15.5,20.5,43.8,6.0,3.8,7.2,3.8,9.9,7.2
2020-12-04,3.6,5.2,3.6,5.5,16.6,2.9,16.3,4.6,15.6,19.8,43.3,5.6,4.0,7.2,4.0,10.8,7.3
2020-12-05,3.5,5.0,3.1,4.9,16.8,3.3,15.8,4.3,15.2,18.9,41.1,5.7,4.0,6.0,3.9,10.3,7.1
2020-12-06,3.7,4.9,2.8,4.5,17.8,2.9,15.5,4.4,14.6,19.7,41.7,5.9,4.2,6.9,4.0,10.1,7.3
2020-12-07,3.3,4.6,2.6,4.0,18.8,3.6,17.5,4.7,15.0,20.6,43.5,6.0,4.2,8.5,4.2,9.9,7.6
2020-12-08,3.5,4.6,2.9,4.4,18.5,3.7,17.2,5.1,15.1,20.8,42.2,7.3,4.5,7.8,4.5,10.1,7.8
2020-12-09,3.6,5.0,3.0,5.9,19.0,3.7,16.6,5.0,15.4,20.8,47.3,7.1,4.6,8.5,4.4,10.4,8.0
2020-12-10,4.0,5.3,3.1,5.6,19.2,3.9,16.3,4.7,16.9,20.1,45.5,7.4,4.7,9.0,4.3,10.5,8.1
2020-12-11,4.0,5.3,3.1,6.0,18.9,4.0,16.3,4.6,15.8,20.4,44.3,7.8,4.5,9.2,4.3,10.1,8.0
2020-12-12,4.2,6.3,2.8,5.9,19.9,3.3,16.1,4.9,16.6,20.9,45.4,8.3,4.6,9.1,4.4,10.1,8.2
2020-12-13,4.9,6.9,3.1,6.4,20.2,3.4,18.0,5.0,16.8,21.8,46.6,9.0,4.7,10.6,4.5,10.3,8.5
2020-12-14,5.5,7.4,2.9,6.3,20.4,3.8,15.7,4.8,16.4,22.0,48.8,9.6,5.0,9.9,4.5,10.6,8.6
2020-12-15,5.7,7.9,2.7,6.1,20.6,4.2,16.2,4.6,16.3,21.5,48.5,9.4,5.0,11.9,4.6,10.2,8.7
2020-12-16,5.9,7.5,2.5,5.6,20.7,4.4,15.8,4.6,16.2,21.9,46.1,10.5,5.0,13.7,4.9,10.6,8.8
2020-12-17,6.6,6.6,2.7,6.7,20.8,4.5,16.1,4.8,16.2,21.4,47.7,10.6,5.2,15.5,5.5,10.5,9.0
2020-12-18,7.4,8.7,2.8,6.3,22.4,4.9,16.4,5.0,17.2,23.0,47.7,11.7,5.8,15.6,5.8,10.6,9.7
2020-12-19,7.8,7.5,3.1,8.0,22.4,5.0,17.8,5.5,16.7,24.9,46.2,12.6,5.9,17.8,6.0,10.9,10.0
2020-12-20,7.4,7.8,3.5,8.3,22.4,5.6,17.1,5.6,17.4,23.3,44.3,13.1,6.0,17.3,6.0,11.3,10.0
2020-12-21,7.7,7.4,4.0,8.4,22.6,4.7,18.1,5.9,17.9,22.3,40.4,13.8,5.8,17.8,6.1,11.2,10.0
2020-12-22,8.2,7.3,4.7,8.9,22.7,4.9,17.8,5.8,19.2,23.3,43.2,13.8,5.8,18.6,6.2,11.4,10.2
2020-12-23,8.5,7.8,4.9,9.2,22.9,5.0,18.5,6.2,20.7,23.5,42.6,14.1,6.0,18.1,6.2,11.4,10.4
2020-12-24,8.7,9.9,5.1,9.7,23.1,5.1,19.3,6.0,20.0,23.8,43.7,16.1,6.1,18.5,6.3,12.1,10.7
2020-12-25,9.4,8.3,5.6,11.6,22.7,5.1,18.8,6.1,21.8,22.2,46.1,16.7,6.0,19.9,6.5,12.7,10.8
2020-12-26,9.7,9.0,5.5,11.8,22.7,5.2,18.3,6.2,23.7,21.9,45.3,17.7,6.1,21.3,6.6,14.2,11.0
2020-12-27,9.6,7.8,5.3,11.5,21.7,4.6,17.8,6.2,23.2,20.3,40.3,17.7,5.9,22.5,6.4,14.1,10.7
2020-12-28,9.4,8.0,4.9,15.4,20.0,4.5,17.7,6.2,23.5,18.9,40.1,18.5,6.0,22.5,6.3,16.0,10.7
2020-12-29,9.3,8.7,4.4,16.5,20.6,4.2,17.4,6.2,23.7,21.2,39.2,19.4,6.3,21.9,5.9,16.4,10.9
2020-12-30,10.2,9.3,4.0,17.8,21.0,4.3,16.9,6.2,22.8,21.4,39.8,19.5,6.5,24.2,6.1,16.5,11.0
2020-12-31,11.2,8.7,3.8,18.8,22.4,4.4,17.4,6.6,24.3,22.7,39.9,19.0,6.9,23.7,6.5,16.5,11.5
2021-01-01,11.9,10.4,3.5,18.2,23.1,4.8,18.1,7.9,25.5,25.0,42.4,20.1,7.4,26.3,7.1,17.1,12.3
2021-01-02,13.8,11.8,4.7,18.4,23.7,5.0,18.4,8.0,28.8,27.2,44.9,17.9,7.9,26.8,8.3,15.6,12.8
2021-01-03,14.7,12.9,5.2,18.6,24.1,5.3,18.1,8.3,28.7,28.8,46.1,21.6,8.0,26.8,8.6,16.0,13.3
2021-01-04,15.7,12.5,6.2,17.2,23.9,5.4,20.4,8.4,30.8,30.6,46.3,22.9,7.9,28.3,9.0,14.7,13.7
2021-01-05,17.0,12.5,6.1,16.0,23.8,5.9,20.8,9.2,30.6,28.4,46.7,23.6,8.2,33.8,9.5,14.9,14.0
2021-01-06,18.2,12.5,6.5,16.4,23.5,5.6,21.9,9.8,32.5,29.8,52.9,23.6,8.2,34.3,9.7,14.9,14.3
2021-01-07,20.4,13.3,7.9,15.7,23.2,5.9,21.9,10.8,35.9,31.9,56.1,23.8,8.2,36.2,10.2,14.4,14.8
2021-01-08,21.7,13.0,9.4,19.4,23.0,5.8,23.7,10.5,37.9,34.4,55.8,23.9,8.3,40.1,10.8,14.4,15.3
2021-01-09,23.6,14.7,10.1,22.2,23.9,6.1,25.0,10.9,39.9,36.3,56.5,27.2,8.4,42.8,10.9,15.4,16.0
2021-01-10,26.8,15.8,11.3,25.6,25.3,6.7,27.2,12.2,45.7,41.7,61.9,25.2,9.2,45.9,12.6,16.4,17.4
