Grupo de edad,fecha,Casos confirmados
<=39,2020-04-01,23
40-49,2020-04-01,23
50-59,2020-04-01,53
60-69,2020-04-01,39
>=70,2020-04-01,35
<=39,2020-04-02,23
40-49,2020-04-02,27
50-59,2020-04-02,67
60-69,2020-04-02,46
>=70,2020-04-02,37
<=39,2020-04-03,26
40-49,2020-04-03,34
50-59,2020-04-03,74
60-69,2020-04-03,56
>=70,2020-04-03,47
<=39,2020-04-04,40
40-49,2020-04-04,36
50-59,2020-04-04,84
60-69,2020-04-04,68
>=70,2020-04-04,52
<=39,2020-04-05,40
40-49,2020-04-05,40
50-59,2020-04-05,89
60-69,2020-04-05,75
>=70,2020-04-05,63
<=39,2020-04-06,38
40-49,2020-04-06,40
50-59,2020-04-06,95
60-69,2020-04-06,78
>=70,2020-04-06,76
<=39,2020-04-07,39
40-49,2020-04-07,38
50-59,2020-04-07,101
60-69,2020-04-07,82
>=70,2020-04-07,77
<=39,2020-04-08,42
40-49,2020-04-08,39
50-59,2020-04-08,109
60-69,2020-04-08,93
>=70,2020-04-08,79
<=39,2020-04-09,46
40-49,2020-04-09,48
50-59,2020-04-09,102
60-69,2020-04-09,89
>=70,2020-04-09,75
<=39,2020-04-10,45
40-49,2020-04-10,48
50-59,2020-04-10,111
60-69,2020-04-10,99
>=70,2020-04-10,80
<=39,2020-04-11,43
40-49,2020-04-11,50
50-59,2020-04-11,111
60-69,2020-04-11,100
>=70,2020-04-11,79
<=39,2020-04-12,41
40-49,2020-04-12,48
50-59,2020-04-12,110
60-69,2020-04-12,106
>=70,2020-04-12,82
<=39,2020-04-13,40
40-49,2020-04-13,45
50-59,2020-04-13,112
60-69,2020-04-13,106
>=70,2020-04-13,84
<=39,2020-04-14,42
40-49,2020-04-14,43
50-59,2020-04-14,105
60-69,2020-04-14,105
>=70,2020-04-14,84
<=39,2020-04-15,42
40-49,2020-04-15,45
50-59,2020-04-15,107
60-69,2020-04-15,110
>=70,2020-04-15,85
<=39,2020-04-16,41
40-49,2020-04-16,43
50-59,2020-04-16,103
60-69,2020-04-16,111
>=70,2020-04-16,86
<=39,2020-04-17,38
40-49,2020-04-17,44
50-59,2020-04-17,109
60-69,2020-04-17,107
>=70,2020-04-17,87
<=39,2020-04-18,34
40-49,2020-04-18,41
50-59,2020-04-18,98
60-69,2020-04-18,103
>=70,2020-04-18,84
<=39,2020-04-19,38
40-49,2020-04-19,40
50-59,2020-04-19,96
60-69,2020-04-19,111
>=70,2020-04-19,88
<=39,2020-04-20,41
40-49,2020-04-20,38
50-59,2020-04-20,96
60-69,2020-04-20,112
>=70,2020-04-20,90
<=39,2020-04-21,41
40-49,2020-04-21,42
50-59,2020-04-21,97
60-69,2020-04-21,121
>=70,2020-04-21,91
<=39,2020-04-22,44
40-49,2020-04-22,43
50-59,2020-04-22,96
60-69,2020-04-22,120
>=70,2020-04-22,96
<=39,2020-04-23,55
40-49,2020-04-23,40
50-59,2020-04-23,99
60-69,2020-04-23,120
>=70,2020-04-23,97
<=39,2020-04-24,58
40-49,2020-04-24,45
50-59,2020-04-24,100
60-69,2020-04-24,113
>=70,2020-04-24,99
<=39,2020-04-25,61
40-49,2020-04-25,40
50-59,2020-04-25,102
60-69,2020-04-25,114
>=70,2020-04-25,101
<=39,2020-04-26,61
40-49,2020-04-26,41
50-59,2020-04-26,101
60-69,2020-04-26,111
>=70,2020-04-26,101
<=39,2020-04-27,63
40-49,2020-04-27,39
50-59,2020-04-27,105
60-69,2020-04-27,112
>=70,2020-04-27,107
<=39,2020-04-28,64
40-49,2020-04-28,39
50-59,2020-04-28,105
60-69,2020-04-28,115
>=70,2020-04-28,105
<=39,2020-04-29,58
40-49,2020-04-29,36
50-59,2020-04-29,105
60-69,2020-04-29,108
>=70,2020-04-29,111
<=39,2020-04-30,52
40-49,2020-04-30,41
50-59,2020-04-30,103
60-69,2020-04-30,115
>=70,2020-04-30,108
<=39,2020-05-01,50
40-49,2020-05-01,44
50-59,2020-05-01,108
60-69,2020-05-01,115
>=70,2020-05-01,111
<=39,2020-05-02,52
40-49,2020-05-02,42
50-59,2020-05-02,111
60-69,2020-05-02,110
>=70,2020-05-02,110
<=39,2020-05-03,55
40-49,2020-05-03,45
50-59,2020-05-03,118
60-69,2020-05-03,117
>=70,2020-05-03,114
<=39,2020-05-04,55
40-49,2020-05-04,50
50-59,2020-05-04,122
60-69,2020-05-04,123
>=70,2020-05-04,114
<=39,2020-05-05,54
40-49,2020-05-05,50
50-59,2020-05-05,115
60-69,2020-05-05,130
>=70,2020-05-05,121
<=39,2020-05-06,53
40-49,2020-05-06,48
50-59,2020-05-06,123
60-69,2020-05-06,141
>=70,2020-05-06,121
<=39,2020-05-07,53
40-49,2020-05-07,52
50-59,2020-05-07,127
60-69,2020-05-07,138
>=70,2020-05-07,123
<=39,2020-05-08,53
40-49,2020-05-08,56
50-59,2020-05-08,124
60-69,2020-05-08,149
>=70,2020-05-08,126
<=39,2020-05-09,59
40-49,2020-05-09,66
50-59,2020-05-09,134
60-69,2020-05-09,154
>=70,2020-05-09,131
<=39,2020-05-10,61
40-49,2020-05-10,68
50-59,2020-05-10,139
60-69,2020-05-10,160
>=70,2020-05-10,137
<=39,2020-05-11,62
40-49,2020-05-11,73
50-59,2020-05-11,136
60-69,2020-05-11,166
>=70,2020-05-11,137
<=39,2020-05-12,73
40-49,2020-05-12,71
50-59,2020-05-12,145
60-69,2020-05-12,176
>=70,2020-05-12,139
<=39,2020-05-13,77
40-49,2020-05-13,75
50-59,2020-05-13,152
60-69,2020-05-13,188
>=70,2020-05-13,150
<=39,2020-05-14,78
40-49,2020-05-14,77
50-59,2020-05-14,162
60-69,2020-05-14,197
>=70,2020-05-14,149
<=39,2020-05-15,82
40-49,2020-05-15,84
50-59,2020-05-15,182
60-69,2020-05-15,213
>=70,2020-05-15,150
<=39,2020-05-16,94
40-49,2020-05-16,95
50-59,2020-05-16,188
60-69,2020-05-16,214
>=70,2020-05-16,160
<=39,2020-05-17,95
40-49,2020-05-17,94
50-59,2020-05-17,196
60-69,2020-05-17,217
>=70,2020-05-17,167
<=39,2020-05-18,100
40-49,2020-05-18,98
50-59,2020-05-18,211
60-69,2020-05-18,222
>=70,2020-05-18,176
<=39,2020-05-19,110
40-49,2020-05-19,111
50-59,2020-05-19,231
60-69,2020-05-19,242
>=70,2020-05-19,182
<=39,2020-05-20,111
40-49,2020-05-20,117
50-59,2020-05-20,233
60-69,2020-05-20,256
>=70,2020-05-20,187
<=39,2020-05-21,120
40-49,2020-05-21,117
50-59,2020-05-21,247
60-69,2020-05-21,266
>=70,2020-05-21,193
<=39,2020-05-22,128
40-49,2020-05-22,121
50-59,2020-05-22,256
60-69,2020-05-22,288
>=70,2020-05-22,193
<=39,2020-05-23,132
40-49,2020-05-23,127
50-59,2020-05-23,280
60-69,2020-05-23,318
>=70,2020-05-23,205
<=39,2020-05-24,131
40-49,2020-05-24,123
50-59,2020-05-24,292
60-69,2020-05-24,331
>=70,2020-05-24,213
<=39,2020-05-25,136
40-49,2020-05-25,128
50-59,2020-05-25,307
60-69,2020-05-25,345
>=70,2020-05-25,219
<=39,2020-05-26,137
40-49,2020-05-26,141
50-59,2020-05-26,336
60-69,2020-05-26,357
>=70,2020-05-26,231
<=39,2020-05-27,135
40-49,2020-05-27,145
50-59,2020-05-27,369
60-69,2020-05-27,366
>=70,2020-05-27,236
<=39,2020-05-28,142
40-49,2020-05-28,153
50-59,2020-05-28,373
60-69,2020-05-28,378
>=70,2020-05-28,243
<=39,2020-05-29,137
40-49,2020-05-29,162
50-59,2020-05-29,395
60-69,2020-05-29,410
>=70,2020-05-29,246
<=39,2020-05-30,133
40-49,2020-05-30,161
50-59,2020-05-30,404
60-69,2020-05-30,431
>=70,2020-05-30,242
<=39,2020-05-31,130
40-49,2020-05-31,160
50-59,2020-05-31,403
60-69,2020-05-31,439
>=70,2020-05-31,251
<=39,2020-06-01,133
40-49,2020-06-01,170
50-59,2020-06-01,414
60-69,2020-06-01,470
>=70,2020-06-01,259
<=39,2020-06-02,140
40-49,2020-06-02,173
50-59,2020-06-02,414
60-69,2020-06-02,472
>=70,2020-06-02,252
<=39,2020-06-03,143
40-49,2020-06-03,173
50-59,2020-06-03,413
60-69,2020-06-03,489
>=70,2020-06-03,257
<=39,2020-06-04,135
40-49,2020-06-04,179
50-59,2020-06-04,424
60-69,2020-06-04,486
>=70,2020-06-04,272
<=39,2020-06-05,143
40-49,2020-06-05,180
50-59,2020-06-05,426
60-69,2020-06-05,496
>=70,2020-06-05,276
<=39,2020-06-06,144
40-49,2020-06-06,181
50-59,2020-06-06,427
60-69,2020-06-06,499
>=70,2020-06-06,273
<=39,2020-06-07,145
40-49,2020-06-07,176
50-59,2020-06-07,436
60-69,2020-06-07,522
>=70,2020-06-07,279
<=39,2020-06-08,147
40-49,2020-06-08,184
50-59,2020-06-08,440
60-69,2020-06-08,527
>=70,2020-06-08,283
<=39,2020-06-09,139
40-49,2020-06-09,185
50-59,2020-06-09,444
60-69,2020-06-09,523
>=70,2020-06-09,286
<=39,2020-06-10,142
40-49,2020-06-10,189
50-59,2020-06-10,447
60-69,2020-06-10,519
>=70,2020-06-10,293
<=39,2020-06-11,148
40-49,2020-06-11,196
50-59,2020-06-11,463
60-69,2020-06-11,519
>=70,2020-06-11,292
<=39,2020-06-12,152
40-49,2020-06-12,207
50-59,2020-06-12,467
60-69,2020-06-12,526
>=70,2020-06-12,295
<=39,2020-06-13,152
40-49,2020-06-13,212
50-59,2020-06-13,470
60-69,2020-06-13,518
>=70,2020-06-13,304
<=39,2020-06-14,153
40-49,2020-06-14,216
50-59,2020-06-14,488
60-69,2020-06-14,544
>=70,2020-06-14,314
<=39,2020-06-15,153
40-49,2020-06-15,215
50-59,2020-06-15,492
60-69,2020-06-15,547
>=70,2020-06-15,316
<=39,2020-06-16,154
40-49,2020-06-16,223
50-59,2020-06-16,490
60-69,2020-06-16,550
>=70,2020-06-16,310
<=39,2020-06-17,153
40-49,2020-06-17,230
50-59,2020-06-17,508
60-69,2020-06-17,580
>=70,2020-06-17,323
<=39,2020-06-18,162
40-49,2020-06-18,238
50-59,2020-06-18,516
60-69,2020-06-18,595
>=70,2020-06-18,334
<=39,2020-06-19,169
40-49,2020-06-19,238
50-59,2020-06-19,541
60-69,2020-06-19,623
>=70,2020-06-19,340
<=39,2020-06-20,172
40-49,2020-06-20,254
50-59,2020-06-20,548
60-69,2020-06-20,630
>=70,2020-06-20,347
<=39,2020-06-21,177
40-49,2020-06-21,256
50-59,2020-06-21,565
60-69,2020-06-21,647
>=70,2020-06-21,351
<=39,2020-06-22,179
40-49,2020-06-22,259
50-59,2020-06-22,559
60-69,2020-06-22,661
>=70,2020-06-22,356
<=39,2020-06-23,176
40-49,2020-06-23,261
50-59,2020-06-23,556
60-69,2020-06-23,666
>=70,2020-06-23,350
<=39,2020-06-24,175
40-49,2020-06-24,262
50-59,2020-06-24,557
60-69,2020-06-24,689
>=70,2020-06-24,363
<=39,2020-06-25,179
40-49,2020-06-25,265
50-59,2020-06-25,563
60-69,2020-06-25,701
>=70,2020-06-25,370
<=39,2020-06-26,176
40-49,2020-06-26,256
50-59,2020-06-26,568
60-69,2020-06-26,721
>=70,2020-06-26,365
<=39,2020-06-27,171
40-49,2020-06-27,245
50-59,2020-06-27,573
60-69,2020-06-27,733
>=70,2020-06-27,368
<=39,2020-06-28,171
40-49,2020-06-28,244
50-59,2020-06-28,572
60-69,2020-06-28,763
>=70,2020-06-28,379
<=39,2020-06-29,166
40-49,2020-06-29,238
50-59,2020-06-29,551
60-69,2020-06-29,752
>=70,2020-06-29,383
<=39,2020-06-30,165
40-49,2020-06-30,241
50-59,2020-06-30,555
60-69,2020-06-30,755
>=70,2020-06-30,390
<=39,2020-07-01,162
40-49,2020-07-01,232
50-59,2020-07-01,539
60-69,2020-07-01,750
>=70,2020-07-01,392
<=39,2020-07-02,172
40-49,2020-07-02,232
50-59,2020-07-02,544
60-69,2020-07-02,766
>=70,2020-07-02,385
<=39,2020-07-03,167
40-49,2020-07-03,234
50-59,2020-07-03,544
60-69,2020-07-03,766
>=70,2020-07-03,396
<=39,2020-07-04,161
40-49,2020-07-04,229
50-59,2020-07-04,540
60-69,2020-07-04,755
>=70,2020-07-04,392
<=39,2020-07-05,157
40-49,2020-07-05,221
50-59,2020-07-05,536
60-69,2020-07-05,759
>=70,2020-07-05,405
<=39,2020-07-06,156
40-49,2020-07-06,215
50-59,2020-07-06,522
60-69,2020-07-06,765
>=70,2020-07-06,411
<=39,2020-07-07,154
40-49,2020-07-07,211
50-59,2020-07-07,521
60-69,2020-07-07,767
>=70,2020-07-07,407
<=39,2020-07-08,142
40-49,2020-07-08,216
50-59,2020-07-08,514
60-69,2020-07-08,759
>=70,2020-07-08,422
<=39,2020-07-09,141
40-49,2020-07-09,208
50-59,2020-07-09,494
60-69,2020-07-09,734
>=70,2020-07-09,422
<=39,2020-07-10,142
40-49,2020-07-10,210
50-59,2020-07-10,488
60-69,2020-07-10,726
>=70,2020-07-10,424
<=39,2020-07-11,145
40-49,2020-07-11,206
50-59,2020-07-11,496
60-69,2020-07-11,720
>=70,2020-07-11,432
<=39,2020-07-12,143
40-49,2020-07-12,198
50-59,2020-07-12,498
60-69,2020-07-12,723
>=70,2020-07-12,433
<=39,2020-07-13,135
40-49,2020-07-13,188
50-59,2020-07-13,482
60-69,2020-07-13,696
>=70,2020-07-13,430
<=39,2020-07-14,139
40-49,2020-07-14,191
50-59,2020-07-14,471
60-69,2020-07-14,686
>=70,2020-07-14,428
<=39,2020-07-15,143
40-49,2020-07-15,189
50-59,2020-07-15,465
60-69,2020-07-15,663
>=70,2020-07-15,418
<=39,2020-07-16,132
40-49,2020-07-16,181
50-59,2020-07-16,451
60-69,2020-07-16,643
>=70,2020-07-16,414
<=39,2020-07-17,130
40-49,2020-07-17,184
50-59,2020-07-17,441
60-69,2020-07-17,631
>=70,2020-07-17,410
<=39,2020-07-18,130
40-49,2020-07-18,187
50-59,2020-07-18,433
60-69,2020-07-18,633
>=70,2020-07-18,409
<=39,2020-07-19,120
40-49,2020-07-19,180
50-59,2020-07-19,430
60-69,2020-07-19,629
>=70,2020-07-19,405
<=39,2020-07-20,121
40-49,2020-07-20,180
50-59,2020-07-20,423
60-69,2020-07-20,623
>=70,2020-07-20,406
<=39,2020-07-21,115
40-49,2020-07-21,175
50-59,2020-07-21,420
60-69,2020-07-21,615
>=70,2020-07-21,403
<=39,2020-07-22,112
40-49,2020-07-22,169
50-59,2020-07-22,396
60-69,2020-07-22,597
>=70,2020-07-22,414
<=39,2020-07-23,112
40-49,2020-07-23,168
50-59,2020-07-23,380
60-69,2020-07-23,590
>=70,2020-07-23,420
<=39,2020-07-24,117
40-49,2020-07-24,157
50-59,2020-07-24,365
60-69,2020-07-24,566
>=70,2020-07-24,431
<=39,2020-07-25,116
40-49,2020-07-25,149
50-59,2020-07-25,357
60-69,2020-07-25,560
>=70,2020-07-25,430
<=39,2020-07-26,116
40-49,2020-07-26,144
50-59,2020-07-26,347
60-69,2020-07-26,547
>=70,2020-07-26,438
<=39,2020-07-27,113
40-49,2020-07-27,139
50-59,2020-07-27,340
60-69,2020-07-27,530
>=70,2020-07-27,433
<=39,2020-07-28,113
40-49,2020-07-28,137
50-59,2020-07-28,332
60-69,2020-07-28,520
>=70,2020-07-28,427
<=39,2020-07-29,112
40-49,2020-07-29,128
50-59,2020-07-29,318
60-69,2020-07-29,517
>=70,2020-07-29,410
<=39,2020-07-30,99
40-49,2020-07-30,129
50-59,2020-07-30,309
60-69,2020-07-30,509
>=70,2020-07-30,417
<=39,2020-07-31,97
40-49,2020-07-31,123
50-59,2020-07-31,318
60-69,2020-07-31,489
>=70,2020-07-31,418
<=39,2020-08-01,97
40-49,2020-08-01,123
50-59,2020-08-01,318
60-69,2020-08-01,489
>=70,2020-08-01,418
<=39,2020-08-02,97
40-49,2020-08-02,123
50-59,2020-08-02,319
60-69,2020-08-02,490
>=70,2020-08-02,408
<=39,2020-08-03,94
40-49,2020-08-03,120
50-59,2020-08-03,314
60-69,2020-08-03,487
>=70,2020-08-03,404
<=39,2020-08-04,91
40-49,2020-08-04,121
50-59,2020-08-04,314
60-69,2020-08-04,474
>=70,2020-08-04,405
<=39,2020-08-05,90
40-49,2020-08-05,121
50-59,2020-08-05,319
60-69,2020-08-05,468
>=70,2020-08-05,402
<=39,2020-08-06,89
40-49,2020-08-06,115
50-59,2020-08-06,308
60-69,2020-08-06,463
>=70,2020-08-06,383
<=39,2020-08-07,98
40-49,2020-08-07,112
50-59,2020-08-07,302
60-69,2020-08-07,461
>=70,2020-08-07,375
<=39,2020-08-08,89
40-49,2020-08-08,105
50-59,2020-08-08,303
60-69,2020-08-08,447
>=70,2020-08-08,361
<=39,2020-08-09,78
40-49,2020-08-09,106
50-59,2020-08-09,304
60-69,2020-08-09,432
>=70,2020-08-09,356
<=39,2020-08-10,79
40-49,2020-08-10,106
50-59,2020-08-10,306
60-69,2020-08-10,427
>=70,2020-08-10,362
<=39,2020-08-11,73
40-49,2020-08-11,106
50-59,2020-08-11,301
60-69,2020-08-11,422
>=70,2020-08-11,366
<=39,2020-08-12,73
40-49,2020-08-12,105
50-59,2020-08-12,295
60-69,2020-08-12,420
>=70,2020-08-12,362
<=39,2020-08-13,71
40-49,2020-08-13,105
50-59,2020-08-13,293
60-69,2020-08-13,435
>=70,2020-08-13,355
<=39,2020-08-14,75
40-49,2020-08-14,103
50-59,2020-08-14,294
60-69,2020-08-14,424
>=70,2020-08-14,356
<=39,2020-08-15,70
40-49,2020-08-15,96
50-59,2020-08-15,283
60-69,2020-08-15,412
>=70,2020-08-15,346
<=39,2020-08-16,72
40-49,2020-08-16,97
50-59,2020-08-16,274
60-69,2020-08-16,400
>=70,2020-08-16,347
<=39,2020-08-17,74
40-49,2020-08-17,98
50-59,2020-08-17,265
60-69,2020-08-17,397
>=70,2020-08-17,343
<=39,2020-08-18,73
40-49,2020-08-18,96
50-59,2020-08-18,263
60-69,2020-08-18,391
>=70,2020-08-18,334
<=39,2020-08-19,69
40-49,2020-08-19,88
50-59,2020-08-19,251
60-69,2020-08-19,383
>=70,2020-08-19,329
<=39,2020-08-20,66
40-49,2020-08-20,88
50-59,2020-08-20,242
60-69,2020-08-20,364
>=70,2020-08-20,317
<=39,2020-08-21,68
40-49,2020-08-21,90
50-59,2020-08-21,240
60-69,2020-08-21,360
>=70,2020-08-21,314
<=39,2020-08-22,68
40-49,2020-08-22,89
50-59,2020-08-22,234
60-69,2020-08-22,367
>=70,2020-08-22,300
<=39,2020-08-23,65
40-49,2020-08-23,88
50-59,2020-08-23,225
60-69,2020-08-23,357
>=70,2020-08-23,292
<=39,2020-08-24,68
40-49,2020-08-24,86
50-59,2020-08-24,224
60-69,2020-08-24,347
>=70,2020-08-24,289
<=39,2020-08-25,66
40-49,2020-08-25,87
50-59,2020-08-25,223
60-69,2020-08-25,345
>=70,2020-08-25,290
<=39,2020-08-26,64
40-49,2020-08-26,84
50-59,2020-08-26,220
60-69,2020-08-26,350
>=70,2020-08-26,286
<=39,2020-08-27,59
40-49,2020-08-27,86
50-59,2020-08-27,225
60-69,2020-08-27,352
>=70,2020-08-27,290
<=39,2020-08-28,60
40-49,2020-08-28,88
50-59,2020-08-28,220
60-69,2020-08-28,340
>=70,2020-08-28,287
<=39,2020-08-29,59
40-49,2020-08-29,81
50-59,2020-08-29,210
60-69,2020-08-29,325
>=70,2020-08-29,284
<=39,2020-08-30,59
40-49,2020-08-30,80
50-59,2020-08-30,213
60-69,2020-08-30,328
>=70,2020-08-30,280
<=39,2020-08-31,62
40-49,2020-08-31,77
50-59,2020-08-31,212
60-69,2020-08-31,335
>=70,2020-08-31,283
<=39,2020-09-01,60
40-49,2020-09-01,76
50-59,2020-09-01,211
60-69,2020-09-01,334
>=70,2020-09-01,281
<=39,2020-09-02,61
40-49,2020-09-02,75
50-59,2020-09-02,207
60-69,2020-09-02,329
>=70,2020-09-02,275
<=39,2020-09-03,65
40-49,2020-09-03,75
50-59,2020-09-03,204
60-69,2020-09-03,320
>=70,2020-09-03,276
<=39,2020-09-04,70
40-49,2020-09-04,69
50-59,2020-09-04,207
60-69,2020-09-04,319
>=70,2020-09-04,267
<=39,2020-09-05,63
40-49,2020-09-05,67
50-59,2020-09-05,203
60-69,2020-09-05,313
>=70,2020-09-05,262
<=39,2020-09-06,60
40-49,2020-09-06,70
50-59,2020-09-06,200
60-69,2020-09-06,312
>=70,2020-09-06,267
<=39,2020-09-07,65
40-49,2020-09-07,68
50-59,2020-09-07,203
60-69,2020-09-07,317
>=70,2020-09-07,277
<=39,2020-09-08,66
40-49,2020-09-08,70
50-59,2020-09-08,203
60-69,2020-09-08,310
>=70,2020-09-08,281
<=39,2020-09-09,67
40-49,2020-09-09,70
50-59,2020-09-09,202
60-69,2020-09-09,317
>=70,2020-09-09,286
<=39,2020-09-10,61
40-49,2020-09-10,72
50-59,2020-09-10,199
60-69,2020-09-10,323
>=70,2020-09-10,296
<=39,2020-09-11,59
40-49,2020-09-11,69
50-59,2020-09-11,194
60-69,2020-09-11,307
>=70,2020-09-11,289
<=39,2020-09-12,60
40-49,2020-09-12,67
50-59,2020-09-12,187
60-69,2020-09-12,305
>=70,2020-09-12,289
<=39,2020-09-13,64
40-49,2020-09-13,66
50-59,2020-09-13,185
60-69,2020-09-13,308
>=70,2020-09-13,283
<=39,2020-09-14,63
40-49,2020-09-14,68
50-59,2020-09-14,188
60-69,2020-09-14,305
>=70,2020-09-14,282
<=39,2020-09-15,64
40-49,2020-09-15,69
50-59,2020-09-15,189
60-69,2020-09-15,307
>=70,2020-09-15,276
<=39,2020-09-16,64
40-49,2020-09-16,67
50-59,2020-09-16,183
60-69,2020-09-16,307
>=70,2020-09-16,277
<=39,2020-09-17,63
40-49,2020-09-17,64
50-59,2020-09-17,184
60-69,2020-09-17,305
>=70,2020-09-17,279
<=39,2020-09-18,64
40-49,2020-09-18,66
50-59,2020-09-18,185
60-69,2020-09-18,308
>=70,2020-09-18,279
<=39,2020-09-19,62
40-49,2020-09-19,62
50-59,2020-09-19,183
60-69,2020-09-19,304
>=70,2020-09-19,283
<=39,2020-09-20,62
40-49,2020-09-20,62
50-59,2020-09-20,182
60-69,2020-09-20,310
>=70,2020-09-20,285
<=39,2020-09-21,63
40-49,2020-09-21,65
50-59,2020-09-21,186
60-69,2020-09-21,312
>=70,2020-09-21,289
<=39,2020-09-22,62
40-49,2020-09-22,64
50-59,2020-09-22,186
60-69,2020-09-22,310
>=70,2020-09-22,296
<=39,2020-09-23,60
40-49,2020-09-23,69
50-59,2020-09-23,187
60-69,2020-09-23,301
>=70,2020-09-23,290
<=39,2020-09-24,56
40-49,2020-09-24,71
50-59,2020-09-24,182
60-69,2020-09-24,294
>=70,2020-09-24,287
<=39,2020-09-25,58
40-49,2020-09-25,68
50-59,2020-09-25,179
60-69,2020-09-25,284
>=70,2020-09-25,302
<=39,2020-09-26,51
40-49,2020-09-26,68
50-59,2020-09-26,185
60-69,2020-09-26,293
>=70,2020-09-26,298
<=39,2020-09-27,54
40-49,2020-09-27,72
50-59,2020-09-27,176
60-69,2020-09-27,296
>=70,2020-09-27,290
<=39,2020-09-28,50
40-49,2020-09-28,74
50-59,2020-09-28,175
60-69,2020-09-28,287
>=70,2020-09-28,298
<=39,2020-09-29,48
40-49,2020-09-29,71
50-59,2020-09-29,169
60-69,2020-09-29,282
>=70,2020-09-29,295
<=39,2020-09-30,46
40-49,2020-09-30,69
50-59,2020-09-30,163
60-69,2020-09-30,287
>=70,2020-09-30,284
<=39,2020-10-01,45
40-49,2020-10-01,66
50-59,2020-10-01,162
60-69,2020-10-01,278
>=70,2020-10-01,298
<=39,2020-10-02,47
40-49,2020-10-02,67
50-59,2020-10-02,168
60-69,2020-10-02,287
>=70,2020-10-02,299
<=39,2020-10-03,47
40-49,2020-10-03,68
50-59,2020-10-03,168
60-69,2020-10-03,275
>=70,2020-10-03,291
<=39,2020-10-04,45
40-49,2020-10-04,67
50-59,2020-10-04,173
60-69,2020-10-04,280
>=70,2020-10-04,291
<=39,2020-10-05,44
40-49,2020-10-05,65
50-59,2020-10-05,176
60-69,2020-10-05,272
>=70,2020-10-05,296
<=39,2020-10-06,48
40-49,2020-10-06,63
50-59,2020-10-06,173
60-69,2020-10-06,271
>=70,2020-10-06,292
<=39,2020-10-07,48
40-49,2020-10-07,55
50-59,2020-10-07,172
60-69,2020-10-07,263
>=70,2020-10-07,280
<=39,2020-10-08,47
40-49,2020-10-08,51
50-59,2020-10-08,175
60-69,2020-10-08,259
>=70,2020-10-08,280
<=39,2020-10-09,49
40-49,2020-10-09,55
50-59,2020-10-09,174
60-69,2020-10-09,268
>=70,2020-10-09,275
<=39,2020-10-10,47
40-49,2020-10-10,50
50-59,2020-10-10,169
60-69,2020-10-10,273
>=70,2020-10-10,278
<=39,2020-10-11,45
40-49,2020-10-11,52
50-59,2020-10-11,167
60-69,2020-10-11,263
>=70,2020-10-11,264
<=39,2020-10-12,48
40-49,2020-10-12,51
50-59,2020-10-12,169
60-69,2020-10-12,262
>=70,2020-10-12,255
<=39,2020-10-13,45
40-49,2020-10-13,49
50-59,2020-10-13,172
60-69,2020-10-13,261
>=70,2020-10-13,251
<=39,2020-10-14,43
40-49,2020-10-14,50
50-59,2020-10-14,174
60-69,2020-10-14,262
>=70,2020-10-14,256
<=39,2020-10-15,45
40-49,2020-10-15,48
50-59,2020-10-15,175
60-69,2020-10-15,259
>=70,2020-10-15,259
<=39,2020-10-16,46
40-49,2020-10-16,49
50-59,2020-10-16,176
60-69,2020-10-16,261
>=70,2020-10-16,262
<=39,2020-10-17,47
40-49,2020-10-17,52
50-59,2020-10-17,170
60-69,2020-10-17,259
>=70,2020-10-17,263
<=39,2020-10-18,44
40-49,2020-10-18,48
50-59,2020-10-18,170
60-69,2020-10-18,254
>=70,2020-10-18,260
<=39,2020-10-19,48
40-49,2020-10-19,48
50-59,2020-10-19,173
60-69,2020-10-19,244
>=70,2020-10-19,256
<=39,2020-10-20,48
40-49,2020-10-20,50
50-59,2020-10-20,173
60-69,2020-10-20,246
>=70,2020-10-20,253
<=39,2020-10-21,47
40-49,2020-10-21,53
50-59,2020-10-21,171
60-69,2020-10-21,236
>=70,2020-10-21,260
<=39,2020-10-22,47
40-49,2020-10-22,53
50-59,2020-10-22,168
60-69,2020-10-22,238
>=70,2020-10-22,253
<=39,2020-10-23,48
40-49,2020-10-23,52
50-59,2020-10-23,160
60-69,2020-10-23,242
>=70,2020-10-23,257
<=39,2020-10-24,49
40-49,2020-10-24,46
50-59,2020-10-24,154
60-69,2020-10-24,233
>=70,2020-10-24,247
<=39,2020-10-25,44
40-49,2020-10-25,49
50-59,2020-10-25,153
60-69,2020-10-25,234
>=70,2020-10-25,243
<=39,2020-10-26,46
40-49,2020-10-26,51
50-59,2020-10-26,155
60-69,2020-10-26,237
>=70,2020-10-26,241
<=39,2020-10-27,48
40-49,2020-10-27,54
50-59,2020-10-27,151
60-69,2020-10-27,242
>=70,2020-10-27,245
<=39,2020-10-28,49
40-49,2020-10-28,57
50-59,2020-10-28,155
60-69,2020-10-28,241
>=70,2020-10-28,243
<=39,2020-10-29,50
40-49,2020-10-29,63
50-59,2020-10-29,154
60-69,2020-10-29,240
>=70,2020-10-29,241
<=39,2020-10-30,47
40-49,2020-10-30,66
50-59,2020-10-30,160
60-69,2020-10-30,249
>=70,2020-10-30,242
<=39,2020-10-31,42
40-49,2020-10-31,65
50-59,2020-10-31,163
60-69,2020-10-31,242
>=70,2020-10-31,244
<=39,2020-11-01,41
40-49,2020-11-01,66
50-59,2020-11-01,157
60-69,2020-11-01,242
>=70,2020-11-01,237
<=39,2020-11-02,40
40-49,2020-11-02,57
50-59,2020-11-02,156
60-69,2020-11-02,239
>=70,2020-11-02,231
<=39,2020-11-03,40
40-49,2020-11-03,58
50-59,2020-11-03,157
60-69,2020-11-03,242
>=70,2020-11-03,230
<=39,2020-11-04,40
40-49,2020-11-04,60
50-59,2020-11-04,164
60-69,2020-11-04,238
>=70,2020-11-04,231
<=39,2020-11-05,40
40-49,2020-11-05,54
50-59,2020-11-05,159
60-69,2020-11-05,237
>=70,2020-11-05,235
<=39,2020-11-06,40
40-49,2020-11-06,52
50-59,2020-11-06,161
60-69,2020-11-06,238
>=70,2020-11-06,242
<=39,2020-11-07,43
40-49,2020-11-07,51
50-59,2020-11-07,162
60-69,2020-11-07,237
>=70,2020-11-07,241
<=39,2020-11-08,43
40-49,2020-11-08,56
50-59,2020-11-08,160
60-69,2020-11-08,239
>=70,2020-11-08,237
<=39,2020-11-09,44
40-49,2020-11-09,52
50-59,2020-11-09,157
60-69,2020-11-09,241
>=70,2020-11-09,235
<=39,2020-11-10,43
40-49,2020-11-10,51
50-59,2020-11-10,153
60-69,2020-11-10,240
>=70,2020-11-10,233
<=39,2020-11-11,44
40-49,2020-11-11,55
50-59,2020-11-11,153
60-69,2020-11-11,237
>=70,2020-11-11,232
<=39,2020-11-12,45
40-49,2020-11-12,61
50-59,2020-11-12,148
60-69,2020-11-12,239
>=70,2020-11-12,233
<=39,2020-11-13,48
40-49,2020-11-13,59
50-59,2020-11-13,158
60-69,2020-11-13,242
>=70,2020-11-13,226
<=39,2020-11-14,44
40-49,2020-11-14,59
50-59,2020-11-14,157
60-69,2020-11-14,241
>=70,2020-11-14,230
<=39,2020-11-15,44
40-49,2020-11-15,56
50-59,2020-11-15,156
60-69,2020-11-15,236
>=70,2020-11-15,229
<=39,2020-11-16,46
40-49,2020-11-16,57
50-59,2020-11-16,152
60-69,2020-11-16,236
>=70,2020-11-16,233
<=39,2020-11-17,45
40-49,2020-11-17,58
50-59,2020-11-17,153
60-69,2020-11-17,238
>=70,2020-11-17,236
<=39,2020-11-18,47
40-49,2020-11-18,56
50-59,2020-11-18,150
60-69,2020-11-18,235
>=70,2020-11-18,238
<=39,2020-11-19,40
40-49,2020-11-19,46
50-59,2020-11-19,145
60-69,2020-11-19,237
>=70,2020-11-19,247
<=39,2020-11-20,44
40-49,2020-11-20,44
50-59,2020-11-20,151
60-69,2020-11-20,231
>=70,2020-11-20,247
<=39,2020-11-21,46
40-49,2020-11-21,43
50-59,2020-11-21,142
60-69,2020-11-21,232
>=70,2020-11-21,249
<=39,2020-11-22,40
40-49,2020-11-22,44
50-59,2020-11-22,138
60-69,2020-11-22,228
>=70,2020-11-22,248
<=39,2020-11-23,40
40-49,2020-11-23,46
50-59,2020-11-23,138
60-69,2020-11-23,231
>=70,2020-11-23,249
<=39,2020-11-24,43
40-49,2020-11-24,46
50-59,2020-11-24,139
60-69,2020-11-24,221
>=70,2020-11-24,246
<=39,2020-11-25,46
40-49,2020-11-25,47
50-59,2020-11-25,140
60-69,2020-11-25,224
>=70,2020-11-25,243
<=39,2020-11-26,45
40-49,2020-11-26,48
50-59,2020-11-26,136
60-69,2020-11-26,218
>=70,2020-11-26,247
<=39,2020-11-27,42
40-49,2020-11-27,52
50-59,2020-11-27,135
60-69,2020-11-27,215
>=70,2020-11-27,249
<=39,2020-11-28,39
40-49,2020-11-28,53
50-59,2020-11-28,134
60-69,2020-11-28,222
>=70,2020-11-28,255
<=39,2020-11-29,42
40-49,2020-11-29,52
50-59,2020-11-29,134
60-69,2020-11-29,218
>=70,2020-11-29,247
<=39,2020-11-30,38
40-49,2020-11-30,53
50-59,2020-11-30,137
60-69,2020-11-30,223
>=70,2020-11-30,239
<=39,2020-12-01,39
40-49,2020-12-01,56
50-59,2020-12-01,136
60-69,2020-12-01,228
>=70,2020-12-01,236
<=39,2020-12-02,41
40-49,2020-12-02,55
50-59,2020-12-02,135
60-69,2020-12-02,228
>=70,2020-12-02,235
<=39,2020-12-03,38
40-49,2020-12-03,56
50-59,2020-12-03,135
60-69,2020-12-03,226
>=70,2020-12-03,232
<=39,2020-12-04,42
40-49,2020-12-04,51
50-59,2020-12-04,130
60-69,2020-12-04,228
>=70,2020-12-04,232
<=39,2020-12-05,47
40-49,2020-12-05,47
50-59,2020-12-05,126
60-69,2020-12-05,220
>=70,2020-12-05,224
<=39,2020-12-06,51
40-49,2020-12-06,47
50-59,2020-12-06,127
60-69,2020-12-06,214
>=70,2020-12-06,219
<=39,2020-12-07,47
40-49,2020-12-07,49
50-59,2020-12-07,132
60-69,2020-12-07,215
>=70,2020-12-07,214
<=39,2020-12-08,48
40-49,2020-12-08,51
50-59,2020-12-08,130
60-69,2020-12-08,214
>=70,2020-12-08,212
<=39,2020-12-09,45
40-49,2020-12-09,52
50-59,2020-12-09,136
60-69,2020-12-09,216
>=70,2020-12-09,218
<=39,2020-12-10,49
40-49,2020-12-10,53
50-59,2020-12-10,137
60-69,2020-12-10,222
>=70,2020-12-10,210
<=39,2020-12-11,50
40-49,2020-12-11,53
50-59,2020-12-11,138
60-69,2020-12-11,217
>=70,2020-12-11,205
<=39,2020-12-12,48
40-49,2020-12-12,49
50-59,2020-12-12,129
60-69,2020-12-12,216
>=70,2020-12-12,209
<=39,2020-12-13,51
40-49,2020-12-13,51
50-59,2020-12-13,125
60-69,2020-12-13,204
>=70,2020-12-13,206
<=39,2020-12-14,54
40-49,2020-12-14,52
50-59,2020-12-14,126
60-69,2020-12-14,196
>=70,2020-12-14,200
<=39,2020-12-15,55
40-49,2020-12-15,49
50-59,2020-12-15,128
60-69,2020-12-15,200
>=70,2020-12-15,198
<=39,2020-12-16,55
40-49,2020-12-16,50
50-59,2020-12-16,130
60-69,2020-12-16,208
>=70,2020-12-16,195
<=39,2020-12-17,49
40-49,2020-12-17,50
50-59,2020-12-17,127
60-69,2020-12-17,207
>=70,2020-12-17,194
<=39,2020-12-18,50
40-49,2020-12-18,54
50-59,2020-12-18,131
60-69,2020-12-18,224
>=70,2020-12-18,209
<=39,2020-12-19,50
40-49,2020-12-19,60
50-59,2020-12-19,134
60-69,2020-12-19,219
>=70,2020-12-19,209
<=39,2020-12-20,52
40-49,2020-12-20,57
50-59,2020-12-20,129
60-69,2020-12-20,209
>=70,2020-12-20,216
<=39,2020-12-21,54
40-49,2020-12-21,61
50-59,2020-12-21,126
60-69,2020-12-21,211
>=70,2020-12-21,221
<=39,2020-12-22,55
40-49,2020-12-22,64
50-59,2020-12-22,122
60-69,2020-12-22,216
>=70,2020-12-22,226
<=39,2020-12-23,54
40-49,2020-12-23,63
50-59,2020-12-23,125
60-69,2020-12-23,219
>=70,2020-12-23,233
<=39,2020-12-24,55
40-49,2020-12-24,63
50-59,2020-12-24,124
60-69,2020-12-24,218
>=70,2020-12-24,239
<=39,2020-12-25,54
40-49,2020-12-25,57
50-59,2020-12-25,119
60-69,2020-12-25,218
>=70,2020-12-25,230
<=39,2020-12-26,57
40-49,2020-12-26,59
50-59,2020-12-26,124
60-69,2020-12-26,222
>=70,2020-12-26,238
<=39,2020-12-27,56
40-49,2020-12-27,55
50-59,2020-12-27,128
60-69,2020-12-27,229
>=70,2020-12-27,248
<=39,2020-12-28,59
40-49,2020-12-28,56
50-59,2020-12-28,136
60-69,2020-12-28,234
>=70,2020-12-28,249
<=39,2020-12-29,61
40-49,2020-12-29,55
50-59,2020-12-29,135
60-69,2020-12-29,235
>=70,2020-12-29,259
<=39,2020-12-30,62
40-49,2020-12-30,55
50-59,2020-12-30,135
60-69,2020-12-30,238
>=70,2020-12-30,262
<=39,2020-12-31,59
40-49,2020-12-31,53
50-59,2020-12-31,148
60-69,2020-12-31,250
>=70,2020-12-31,256
<=39,2021-01-01,62
40-49,2021-01-01,55
50-59,2021-01-01,156
60-69,2021-01-01,255
>=70,2021-01-01,266
<=39,2021-01-02,66
40-49,2021-01-02,53
50-59,2021-01-02,156
60-69,2021-01-02,257
>=70,2021-01-02,259
<=39,2021-01-03,59
40-49,2021-01-03,57
50-59,2021-01-03,159
60-69,2021-01-03,250
>=70,2021-01-03,256
<=39,2021-01-04,57
40-49,2021-01-04,61
50-59,2021-01-04,164
60-69,2021-01-04,248
>=70,2021-01-04,257
<=39,2021-01-05,58
40-49,2021-01-05,69
50-59,2021-01-05,165
60-69,2021-01-05,256
>=70,2021-01-05,253
<=39,2021-01-06,61
40-49,2021-01-06,77
50-59,2021-01-06,167
60-69,2021-01-06,265
>=70,2021-01-06,250
<=39,2021-01-07,63
40-49,2021-01-07,81
50-59,2021-01-07,184
60-69,2021-01-07,275
>=70,2021-01-07,259
<=39,2021-01-08,66
40-49,2021-01-08,88
50-59,2021-01-08,189
60-69,2021-01-08,273
>=70,2021-01-08,257
<=39,2021-01-09,71
40-49,2021-01-09,94
50-59,2021-01-09,194
60-69,2021-01-09,286
>=70,2021-01-09,266
