Fecha,Casos nuevos con sintomas,Casos totales,Casos recuperados,Fallecidos,Casos activos,Casos nuevos sin sintomas,Casos nuevos totales,Casos activos por FD,Casos activos por FIS,Casos recuperados por FIS,Casos recuperados por FD,Casos confirmados recuperados,Casos activos confirmados,Casos probables acumulados,Casos activos probables,Casos nuevos sin notificar,"Casos 
activos confirmados"
2020-03-02,1.0,1.0,0.0,0.0,1.0,,1.0,1.0,,,0.0,,,,,,
2020-03-03,0.0,1.0,0.0,0.0,1.0,,0.0,1.0,,,0.0,,,,,,
2020-03-04,2.0,3.0,0.0,0.0,3.0,,2.0,3.0,,,0.0,,,,,,
2020-03-05,1.0,4.0,0.0,0.0,4.0,,1.0,4.0,,,0.0,,,,,,
2020-03-06,1.0,5.0,0.0,0.0,5.0,,1.0,5.0,,,0.0,,,,,,
2020-03-07,2.0,7.0,0.0,0.0,7.0,,2.0,7.0,,,0.0,,,,,,
2020-03-08,3.0,10.0,0.0,0.0,10.0,,3.0,10.0,,,0.0,,,,,,
2020-03-09,5.0,15.0,0.0,0.0,15.0,,5.0,15.0,,,0.0,,,,,,
2020-03-10,2.0,17.0,0.0,0.0,17.0,,2.0,17.0,,,0.0,,,,,,
2020-03-11,6.0,23.0,0.0,0.0,23.0,,6.0,23.0,,,0.0,,,,,,
2020-03-12,10.0,33.0,0.0,0.0,33.0,,10.0,33.0,,,0.0,,,,,,
2020-03-13,10.0,43.0,0.0,0.0,43.0,,10.0,43.0,,,0.0,,,,,,
2020-03-14,18.0,61.0,0.0,0.0,61.0,,18.0,61.0,,,0.0,,,,,,
2020-03-15,14.0,75.0,0.0,0.0,75.0,,14.0,75.0,,,0.0,,,,,,
2020-03-16,81.0,156.0,0.0,0.0,156.0,,81.0,156.0,,,0.0,,,,,,
2020-03-17,45.0,201.0,1.0,0.0,200.0,,45.0,200.0,,,1.0,,,,,,
2020-03-18,37.0,238.0,3.0,0.0,235.0,,37.0,235.0,,,3.0,,,,,,
2020-03-19,104.0,342.0,4.0,0.0,338.0,,104.0,338.0,,,4.0,,,,,,
2020-03-20,92.0,434.0,5.0,0.0,429.0,,92.0,429.0,,,5.0,,,,,,
2020-03-21,103.0,537.0,6.0,0.0,531.0,,103.0,531.0,,,6.0,,,,,,
2020-03-22,95.0,632.0,8.0,1.0,623.0,,95.0,623.0,,,8.0,,,,,,
2020-03-23,114.0,746.0,11.0,1.0,734.0,,114.0,734.0,,,11.0,,,,,,
2020-03-24,176.0,922.0,17.0,2.0,903.0,,176.0,903.0,,,17.0,,,,,,
2020-03-25,220.0,1142.0,22.0,3.0,1117.0,,220.0,1117.0,,,22.0,,,,,,
2020-03-26,164.0,1306.0,33.0,4.0,1269.0,,164.0,1269.0,,,33.0,,,,,,
2020-03-27,304.0,1610.0,43.0,5.0,1562.0,,304.0,1562.0,,,43.0,,,,,,
2020-03-28,299.0,1909.0,61.0,6.0,1842.0,,299.0,1842.0,,,61.0,,,,,,
2020-03-29,230.0,2139.0,75.0,7.0,2057.0,,230.0,2057.0,,,75.0,,,,,,
2020-03-30,310.0,2449.0,156.0,8.0,2285.0,,310.0,2285.0,,,156.0,,,,,,
2020-03-31,289.0,2738.0,201.0,12.0,2525.0,,289.0,2525.0,,,201.0,,,,,,
2020-04-01,293.0,3031.0,234.0,16.0,2781.0,,293.0,2781.0,,,234.0,,,,,,
2020-04-02,373.0,3404.0,335.0,18.0,3051.0,,373.0,3051.0,,,335.0,,,,,,
2020-04-03,333.0,3737.0,427.0,22.0,3288.0,,333.0,3288.0,,,427.0,,,,,,
2020-04-04,424.0,4161.0,528.0,27.0,3606.0,,424.0,3606.0,,,528.0,,,,,,
2020-04-05,310.0,4471.0,617.0,34.0,3820.0,,310.0,3820.0,,,617.0,,,,,,
2020-04-06,344.0,4815.0,728.0,37.0,4050.0,,344.0,4050.0,,,728.0,,,,,,
2020-04-07,301.0,5116.0,898.0,43.0,4175.0,,301.0,4175.0,,,898.0,,,,,,
2020-04-08,430.0,5546.0,1115.0,48.0,4383.0,,430.0,4383.0,,,1115.0,,,,,,
2020-04-09,426.0,5972.0,1274.0,57.0,4641.0,,426.0,4641.0,,,1274.0,,,,,,
2020-04-10,529.0,6501.0,1571.0,65.0,4865.0,,529.0,4865.0,,,1571.0,,,,,,
2020-04-11,426.0,6927.0,1864.0,73.0,4990.0,,426.0,4990.0,,,1864.0,,,,,,
2020-04-12,286.0,7213.0,2059.0,80.0,5074.0,,286.0,5074.0,,,2059.0,,,,,,
2020-04-13,312.0,7525.0,2367.0,82.0,5076.0,,312.0,5076.0,,,2367.0,,,,,,
2020-04-14,392.0,7917.0,2646.0,92.0,5179.0,,392.0,5179.0,,,2646.0,,,,,,
2020-04-15,356.0,8273.0,2937.0,94.0,5242.0,,356.0,5242.0,,,2937.0,,,,,,
2020-04-16,534.0,8807.0,3299.0,105.0,5403.0,,534.0,5403.0,,,3299.0,,,,,,
2020-04-17,445.0,9252.0,3621.0,116.0,5515.0,,445.0,5515.0,,,3621.0,,,,,,
2020-04-18,478.0,9730.0,4035.0,126.0,5569.0,,478.0,5569.0,,,4035.0,,,,,,
2020-04-19,358.0,10088.0,4338.0,133.0,5617.0,,358.0,5617.0,,,4338.0,,,,,,
2020-04-20,419.0,10507.0,4676.0,139.0,5692.0,,419.0,5692.0,,,4676.0,,,,,,
2020-04-21,325.0,10832.0,4969.0,147.0,5716.0,,325.0,5716.0,,,4969.0,,,,,,
2020-04-22,464.0,11296.0,5386.0,160.0,5750.0,,464.0,5750.0,,,5386.0,,,,,,
2020-04-23,516.0,11812.0,5804.0,168.0,5840.0,,516.0,5840.0,,,5804.0,,,,,,
2020-04-24,494.0,12306.0,6327.0,174.0,5805.0,,494.0,5805.0,,,6327.0,,,,,,
2020-04-25,552.0,12858.0,6746.0,181.0,5931.0,,552.0,5931.0,,,6746.0,,,,,,
2020-04-26,473.0,13331.0,7024.0,189.0,6118.0,,473.0,6118.0,,,7024.0,,,,,,
2020-04-27,482.0,13813.0,7327.0,198.0,6288.0,,482.0,6288.0,,,7327.0,,,,,,
2020-04-28,552.0,14365.0,7710.0,207.0,6448.0,,552.0,6448.0,,,7710.0,,,,,,
2020-04-29,520.0,15135.0,8057.0,216.0,6862.0,250.0,770.0,6862.0,,,8057.0,,,,,,
2020-04-30,780.0,16023.0,8580.0,227.0,7216.0,108.0,888.0,7216.0,,,8580.0,,,,,,
2020-05-01,882.0,17008.0,9018.0,234.0,7756.0,103.0,985.0,7756.0,,,9018.0,,,,,,
2020-05-02,1246.0,18435.0,9572.0,247.0,8616.0,181.0,1427.0,8616.0,,,9572.0,,,,,,
2020-05-03,1112.0,19663.0,10041.0,260.0,9362.0,116.0,1228.0,9362.0,,,10041.0,,,,,,
2020-05-04,876.0,20643.0,10415.0,270.0,9958.0,104.0,980.0,9958.0,,,10415.0,,,,,,
2020-05-05,1317.0,22016.0,10710.0,275.0,11031.0,56.0,1373.0,11031.0,,,10710.0,,,,,,
2020-05-06,893.0,23048.0,11189.0,281.0,11578.0,139.0,1032.0,11578.0,,,11189.0,,,,,,
2020-05-07,1343.0,24581.0,11664.0,285.0,12632.0,190.0,1533.0,12632.0,,,11664.0,,,,,,
2020-05-08,1183.0,25972.0,12160.0,294.0,13518.0,208.0,1391.0,13518.0,,,12160.0,,,,,,
2020-05-09,1004.0,27219.0,12667.0,304.0,14248.0,243.0,1247.0,14248.0,,,12667.0,,,,,,
2020-05-10,1406.0,28866.0,13112.0,312.0,15442.0,241.0,1647.0,15442.0,,,13112.0,,,,,,
2020-05-11,975.0,30063.0,13605.0,323.0,16135.0,222.0,1197.0,16135.0,,,13605.0,,,,,,
2020-05-12,1479.0,31721.0,14125.0,335.0,17261.0,179.0,1658.0,17261.0,,,14125.0,,,,,,
2020-05-13,2152.0,34381.0,14865.0,346.0,19170.0,508.0,2660.0,19170.0,,,14865.0,,,,,,
2020-05-14,2301.0,37040.0,15655.0,368.0,21017.0,358.0,2659.0,21017.0,,,15655.0,,,,,,
2020-05-15,2112.0,39542.0,16614.0,394.0,22534.0,390.0,2502.0,22534.0,,,16614.0,,,,,,
2020-05-16,1573.0,41428.0,18014.0,421.0,22993.0,313.0,1886.0,22993.0,,,18014.0,,,,,,
2020-05-17,2024.0,43781.0,19213.0,450.0,24118.0,329.0,2353.0,24118.0,,,19213.0,,,,,,
2020-05-18,2018.0,46059.0,20165.0,478.0,25416.0,260.0,2278.0,25416.0,,,20165.0,,,,,,
2020-05-19,3099.0,49579.0,21507.0,509.0,27563.0,421.0,3520.0,27563.0,,,21507.0,,,,,,
2020-05-20,3647.0,53617.0,22504.0,544.0,30569.0,391.0,4038.0,30569.0,,,22504.0,,,,,,
2020-05-21,3538.0,57581.0,23992.0,589.0,33000.0,426.0,3964.0,33000.0,,,23992.0,,,,,,
2020-05-22,3863.0,61857.0,25342.0,630.0,35885.0,413.0,4276.0,35885.0,,,25342.0,,,,,,
2020-05-23,3237.0,65393.0,26546.0,673.0,38174.0,299.0,3536.0,38174.0,,,26546.0,,,,,,
2020-05-24,3343.0,69102.0,28148.0,718.0,40236.0,366.0,3709.0,40236.0,,,28148.0,,,,,,
2020-05-25,4428.0,73997.0,29302.0,761.0,43934.0,467.0,4895.0,43934.0,,,29302.0,,,,,,
2020-05-26,3618.0,77961.0,30915.0,806.0,46240.0,346.0,3964.0,46240.0,,,30915.0,,,,,,
2020-05-27,3956.0,82289.0,33540.0,841.0,47908.0,372.0,4328.0,47908.0,,,33540.0,,,,,,
2020-05-28,4128.0,86943.0,36115.0,890.0,49938.0,526.0,4654.0,49938.0,,,36115.0,,,,,,
2020-05-29,3355.0,90638.0,38598.0,944.0,51096.0,340.0,3695.0,51096.0,,,38598.0,,,,,,
2020-05-30,3736.0,94858.0,40431.0,997.0,53430.0,484.0,4220.0,53430.0,,,40431.0,,,,,,
2020-05-31,4437.0,99688.0,42727.0,1054.0,55907.0,393.0,4830.0,55907.0,,,42727.0,,,,,,
2020-06-01,5082.0,105159.0,44946.0,1113.0,59100.0,389.0,5471.0,59100.0,,,44946.0,,,,,,
2020-06-02,3206.0,108686.0,,1188.0,21325.0,321.0,3527.0,59107.0,21325.0,86173.0,48391.0,,,,,,
2020-06-03,4537.0,113628.0,,1275.0,21605.0,405.0,4942.0,60011.0,21605.0,90748.0,52342.0,,,,,,
2020-06-04,4172.0,118292.0,,1356.0,21305.0,492.0,4664.0,60711.0,21305.0,95631.0,56225.0,,,,,,
2020-06-05,3790.0,122499.0,,1448.0,21693.0,417.0,4207.0,60642.0,21693.0,99358.0,60409.0,,,,,,
2020-06-06,4888.0,127745.0,,1541.0,22387.0,358.0,5246.0,62352.0,22387.0,103817.0,63852.0,,,,,,
2020-06-07,5760.0,134150.0,,2190.0,24363.0,645.0,6405.0,65048.0,24363.0,107597.0,66912.0,,,,,,
2020-06-08,4237.0,138846.0,,2264.0,24334.0,459.0,4696.0,64849.0,24334.0,112248.0,71733.0,,,,,,
2020-06-09,3587.0,142759.0,,2283.0,23115.0,326.0,3913.0,64798.0,23115.0,117361.0,75678.0,,,,,,
2020-06-10,5226.0,148496.0,,2475.0,24201.0,511.0,5737.0,66207.0,24201.0,121820.0,79814.0,,,,,,
2020-06-11,5089.0,154092.0,,2648.0,25000.0,507.0,5596.0,67149.0,25000.0,126444.0,84295.0,,,,,,
2020-06-12,6217.0,160846.0,,2870.0,26618.0,537.0,6754.0,70208.0,26618.0,131358.0,87768.0,,,,,,
2020-06-13,5969.0,167355.0,,3101.0,26958.0,540.0,6509.0,72497.0,26958.0,137296.0,91757.0,,,,,,
2020-06-14,6368.0,174293.0,,3323.0,27266.0,570.0,6938.0,74605.0,27266.0,143704.0,96365.0,,,,,,
2020-06-15,4660.0,179436.0,,3362.0,27282.0,483.0,5143.0,74277.0,27282.0,148792.0,101797.0,,,,,,
2020-06-16,4498.0,184449.0,,3383.0,24834.0,515.0,5013.0,75763.0,24834.0,156232.0,105303.0,,,,,,
2020-06-17,4320.0,220628.0,,3615.0,35082.0,437.0,4757.0,75346.0,35082.0,181931.0,141667.0,,,,,,
2020-06-18,4060.0,225103.0,,3841.0,34821.0,383.0,4475.0,106811.0,34821.0,186441.0,114451.0,,,,,,
2020-06-19,5016.0,231393.0,,4093.0,35809.0,599.0,6290.0,108894.0,35809.0,191491.0,118406.0,,,,,,
2020-06-20,4564.0,236748.0,,4295.0,35844.0,418.0,5355.0,109003.0,35844.0,196609.0,123450.0,,,,,,
2020-06-21,4181.0,242355.0,,4479.0,37307.0,594.0,5607.0,108205.0,37307.0,200569.0,129671.0,200569.0,37307.0,21897.0,10482.0,,
2020-06-22,3710.0,246963.0,,4502.0,37064.0,399.0,4608.0,108117.0,37064.0,205397.0,134344.0,205397.0,37064.0,22307.0,10029.0,,
2020-06-23,3078.0,250767.0,,4505.0,35692.0,336.0,3804.0,108008.0,35692.0,210570.0,138254.0,210570.0,35692.0,24881.0,9403.0,,
2020-06-24,3020.0,254416.0,,4731.0,34592.0,264.0,3649.0,105920.0,34592.0,215093.0,143765.0,215093.0,34592.0,26184.0,9674.0,,
2020-06-25,3778.0,259064.0,,4903.0,34834.0,423.0,4648.0,104972.0,34834.0,219327.0,149189.0,219327.0,34834.0,27193.0,9646.0,,
2020-06-26,3422.0,263360.0,,5068.0,34861.0,413.0,4296.0,102514.0,34861.0,223431.0,155778.0,223431.0,34861.0,28133.0,9720.0,,
2020-06-27,3481.0,267766.0,,5347.0,34364.0,426.0,4406.0,100411.0,34364.0,228055.0,162008.0,228055.0,34364.0,29019.0,9659.0,,
2020-06-28,3396.0,271982.0,,5509.0,34263.0,402.0,4216.0,97689.0,34263.0,232210.0,168784.0,232210.0,34263.0,29733.0,9595.0,,
2020-06-29,3092.0,275999.0,,5575.0,34270.0,432.0,4017.0,96563.0,34270.0,236154.0,173861.0,236016.0,34270.0,30362.0,9320.0,,
2020-06-30,2690.0,279393.0,,5688.0,32476.0,338.0,3394.0,94944.0,32476.0,241229.0,178761.0,241229.0,32476.0,30582.0,8385.0,,
2020-07-01,2134.0,282043.0,,5753.0,30847.0,300.0,2650.0,61415.0,30847.0,245443.0,214875.0,245443.0,30847.0,30980.0,7806.0,,
2020-07-02,2042.0,284541.0,,5920.0,29374.0,230.0,2498.0,59438.0,29374.0,249247.0,219183.0,249247.0,29374.0,32013.0,7921.0,,
2020-07-03,2703.0,288089.0,,6051.0,28695.0,322.0,3548.0,56696.0,28695.0,253343.0,225342.0,253343.0,28695.0,32578.0,7543.0,,
2020-07-04,2951.0,291847.0,,6192.0,28210.0,371.0,3758.0,55099.0,28210.0,257445.0,230556.0,257445.0,28210.0,33933.0,7986.0,,
2020-07-05,2852.0,295532.0,,6308.0,28194.0,438.0,3685.0,53177.0,28194.0,261030.0,236047.0,261032.0,28194.0,34651.0,7785.0,,
2020-07-06,2354.0,298557.0,,6384.0,27804.0,404.0,3025.0,51594.0,27804.0,264369.0,240579.0,264371.0,27804.0,34901.0,7263.0,,
2020-07-07,1946.0,301019.0,,6434.0,26340.0,266.0,2462.0,50252.0,26340.0,268245.0,244333.0,268245.0,26340.0,35134.0,6536.0,,
2020-07-08,1638.0,303083.0,,6573.0,24807.0,265.0,2064.0,48667.0,24807.0,271703.0,247843.0,271703.0,24807.0,35905.0,6513.0,,
2020-07-09,2395.0,306216.0,,6682.0,24612.0,432.0,3133.0,47152.0,24612.0,274922.0,252382.0,274922.0,24612.0,36640.0,6518.0,,
2020-07-10,2392.0,309274.0,,6781.0,24440.0,460.0,3058.0,45914.0,24440.0,278053.0,256579.0,278053.0,24440.0,37400.0,6633.0,,
2020-07-11,2219.0,312029.0,,6881.0,24008.0,405.0,2755.0,44263.0,24008.0,281140.0,260885.0,280161.0,24008.0,38090.0,6609.0,,
2020-07-12,2371.0,315041.0,,6979.0,24166.0,389.0,3012.0,43059.0,24166.0,283896.0,265003.0,283902.0,24166.0,38724.0,6637.0,,
2020-07-13,1985.0,317657.0,,7024.0,24077.0,451.0,2616.0,41658.0,24077.0,286556.0,268975.0,286556.0,24077.0,39038.0,6321.0,,
2020-07-14,1444.0,319493.0,,7069.0,23205.0,244.0,1836.0,40100.0,23205.0,289219.0,272324.0,289220.0,23205.0,39219.0,5800.0,,
2020-07-15,1400.0,321205.0,,7186.0,21934.0,186.0,1712.0,39162.0,21934.0,292085.0,274857.0,292085.0,21934.0,39270.0,5601.0,,
2020-07-16,1949.0,323698.0,,7290.0,21107.0,367.0,2475.0,39157.0,21107.0,295301.0,277251.0,295301.0,21107.0,38833.0,5390.0,,
2020-07-17,2125.0,326539.0,,8347.0,21378.0,545.0,2840.0,38450.0,21378.0,296814.0,279742.0,296814.0,21378.0,40056.0,4922.0,,
2020-07-18,1624.0,328846.0,,8445.0,20952.0,373.0,2185.0,36999.0,20952.0,299449.0,283402.0,299449.0,,39477.0,4227.0,188.0,
2020-07-19,1615.0,330930.0,,8503.0,20633.0,359.0,2082.0,35398.0,20633.0,301794.0,287029.0,301794.0,,38695.0,3487.0,108.0,
2020-07-20,1599.0,333029.0,,8633.0,20404.0,340.0,2099.0,34472.0,20404.0,303992.0,289924.0,303992.0,,38294.0,2743.0,160.0,
2020-07-21,1342.0,334683.0,,8677.0,19190.0,230.0,1656.0,33664.0,19190.0,306816.0,292342.0,306816.0,,39828.0,2414.0,84.0,
2020-07-22,1391.0,336402.0,,8722.0,18439.0,238.0,1741.0,33319.0,18439.0,309241.0,294361.0,309241.0,,39568.0,1853.0,112.0,
2020-07-23,1841.0,338759.0,,8838.0,18490.0,379.0,2371.0,32543.0,18490.0,311431.0,297378.0,311431.0,,39282.0,1511.0,151.0,
2020-07-24,2005.0,341304.0,,8914.0,18694.0,373.0,2545.0,32030.0,18694.0,313696.0,300360.0,313696.0,,39930.0,1305.0,167.0,
2020-07-25,1752.0,343592.0,,9020.0,18403.0,399.0,2287.0,31563.0,18403.0,316169.0,303009.0,316169.0,,39757.0,1076.0,136.0,
2020-07-26,1620.0,345790.0,,9112.0,18583.0,449.0,2198.0,30749.0,18583.0,318095.0,305929.0,318095.0,,39686.0,887.0,129.0,
2020-07-27,1475.0,347923.0,,9187.0,18782.0,487.0,2133.0,30266.0,18782.0,319954.0,308470.0,319954.0,,39662.0,730.0,171.0,
2020-07-28,1236.0,349800.0,,9240.0,18228.0,462.0,1876.0,30307.0,18228.0,322332.0,310253.0,322332.0,,39625.0,640.0,178.0,
2020-07-29,1294.0,351575.0,,9278.0,17740.0,346.0,1773.0,30370.0,17740.0,324557.0,311927.0,324557.0,,39554.0,629.0,133.0,
2020-07-30,1428.0,353536.0,,9377.0,17531.0,388.0,1948.0,29838.0,17531.0,326628.0,314321.0,326628.0,,39523.0,616.0,132.0,
2020-07-31,1540.0,355667.0,,9457.0,17883.0,450.0,2123.0,29128.0,17883.0,328327.0,317082.0,328327.0,,39594.0,654.0,133.0,
2020-08-01,1426.0,357658.0,,9533.0,17621.0,440.0,1979.0,28812.0,17621.0,330504.0,319313.0,330507.0,,39616.0,645.0,113.0,
2020-08-02,1482.0,359731.0,,9608.0,17712.0,473.0,2081.0,28801.0,17712.0,332411.0,321322.0,332411.0,,39600.0,665.0,126.0,
2020-08-03,1119.0,361493.0,,9707.0,17810.0,527.0,1762.0,28464.0,17810.0,333976.0,323322.0,333976.0,,39649.0,622.0,116.0,
2020-08-04,1049.0,362962.0,,9745.0,16887.0,350.0,1462.0,28279.0,16887.0,336330.0,324938.0,336330.0,,39638.0,547.0,63.0,
2020-08-05,1216.0,364723.0,,9792.0,16640.0,482.0,1781.0,28321.0,16640.0,338291.0,326610.0,338291.0,,40683.0,1207.0,83.0,
2020-08-06,1383.0,366671.0,,9889.0,16614.0,403.0,1947.0,27912.0,16614.0,340168.0,328870.0,340168.0,,41400.0,1625.0,161.0,
2020-08-07,1479.0,368825.0,,9958.0,16699.0,570.0,2149.0,27521.0,16699.0,342168.0,331346.0,342168.0,,42049.0,2028.0,100.0,
2020-08-08,1511.0,371023.0,,10011.0,16880.0,604.0,2201.0,27431.0,16880.0,344132.0,333581.0,344133.0,,42506.0,2298.0,86.0,
2020-08-09,1452.0,373056.0,,10077.0,17153.0,502.0,2036.0,27266.0,17153.0,345826.0,335713.0,345826.0,,42999.0,2638.0,82.0,
2020-08-10,1319.0,375044.0,,10139.0,17563.0,605.0,1988.0,27121.0,17563.0,347342.0,337784.0,347342.0,,43152.0,2669.0,64.0,
2020-08-11,1061.0,376616.0,,10178.0,16897.0,424.0,1566.0,26816.0,16897.0,349541.0,339622.0,349541.0,,43300.0,2625.0,81.0,
2020-08-12,1071.0,378168.0,,10205.0,16544.0,421.0,1540.0,26593.0,16544.0,351419.0,341370.0,351419.0,,43921.0,2970.0,48.0,
2020-08-13,1343.0,380034.0,,10299.0,16604.0,425.0,1852.0,26498.0,16604.0,353131.0,343237.0,353131.0,,44501.0,3247.0,84.0,
2020-08-14,1396.0,382111.0,,10340.0,16734.0,616.0,2077.0,26444.0,16734.0,355037.0,345327.0,355037.0,,44984.0,3535.0,65.0,
2020-08-15,1158.0,383902.0,,10395.0,16556.0,552.0,1777.0,26244.0,16556.0,356951.0,347263.0,356951.0,,45327.0,3641.0,67.0,
2020-08-16,1383.0,385946.0,,10452.0,16666.0,634.0,2086.0,26215.0,16666.0,358828.0,349279.0,358828.0,,45731.0,3702.0,69.0,
2020-08-17,1012.0,387502.0,,10513.0,16604.0,480.0,1556.0,26009.0,16604.0,360385.0,350980.0,360385.0,,45818.0,3489.0,64.0,
2020-08-18,846.0,388855.0,,10546.0,15869.0,443.0,1336.0,25893.0,15869.0,362440.0,352416.0,362440.0,,45939.0,3184.0,47.0,
2020-08-19,876.0,390037.0,,10578.0,15174.0,316.0,1233.0,25314.0,15174.0,364285.0,354145.0,364285.0,,46333.0,3210.0,41.0,
2020-08-20,1265.0,391849.0,,10671.0,15116.0,453.0,1813.0,25178.0,15116.0,366062.0,356000.0,366063.0,,46657.0,3189.0,95.0,
2020-08-21,1328.0,393769.0,,10723.0,15149.0,496.0,1920.0,24944.0,15149.0,367897.0,358102.0,367897.0,,47054.0,3290.0,96.0,
2020-08-22,1267.0,395708.0,,10792.0,15186.0,600.0,1926.0,24685.0,15186.0,369730.0,360231.0,369730.0,,47408.0,3333.0,59.0,
2020-08-23,1315.0,397665.0,,10852.0,15634.0,554.0,1942.0,24609.0,15634.0,371179.0,362204.0,371179.0,,47879.0,3459.0,73.0,
2020-08-24,1265.0,399568.0,,10916.0,16188.0,580.0,1903.0,24524.0,16188.0,372464.0,364128.0,372464.0,,47959.0,3240.0,58.0,
2020-08-25,887.0,400985.0,,10958.0,15564.0,473.0,1406.0,24369.0,15564.0,374463.0,365658.0,374463.0,,48096.0,2933.0,46.0,
2020-08-26,993.0,402365.0,,10990.0,15107.0,316.0,1371.0,24197.0,15107.0,376268.0,367178.0,376268.0,,48588.0,3074.0,62.0,
2020-08-27,1197.0,404102.0,,11072.0,15108.0,450.0,1739.0,24068.0,15108.0,377922.0,368962.0,377922.0,,48517.0,2728.0,92.0,
2020-08-28,1227.0,405972.0,,11132.0,15388.0,543.0,1868.0,23861.0,15388.0,379452.0,370979.0,379452.0,,49622.0,3518.0,98.0,
2020-08-29,1330.0,408009.0,,11181.0,15645.0,645.0,2033.0,24107.0,15645.0,381183.0,372721.0,381183.0,,49954.0,3595.0,58.0,
2020-08-30,1277.0,409974.0,,11244.0,16146.0,616.0,1966.0,24028.0,16146.0,382584.0,374702.0,382584.0,,50424.0,3771.0,73.0,
2020-08-31,1177.0,411726.0,,11289.0,16558.0,507.0,1753.0,24224.0,16558.0,383879.0,376213.0,383879.0,,50502.0,3581.0,69.0,
2020-09-01,926.0,413145.0,,11321.0,16034.0,436.0,1415.0,24290.0,16034.0,385790.0,377534.0,385790.0,,50638.0,3331.0,53.0,
2020-09-02,1114.0,414739.0,,11344.0,15712.0,418.0,1582.0,24702.0,15712.0,387683.0,378693.0,387683.0,,51161.0,3543.0,50.0,
2020-09-03,1275.0,416501.0,,11422.0,15670.0,404.0,1758.0,24652.0,15670.0,389409.0,380427.0,389409.0,,51643.0,3709.0,79.0,
2020-09-04,1319.0,418469.0,,11494.0,15727.0,565.0,1965.0,24700.0,15727.0,391248.0,382275.0,391248.0,,52067.0,3764.0,81.0,
2020-09-05,1368.0,420434.0,,11551.0,15916.0,538.0,1961.0,24726.0,15916.0,392967.0,384157.0,392967.0,,52526.0,3858.0,55.0,
2020-09-06,1364.0,422510.0,,11592.0,16519.0,631.0,2077.0,24845.0,16519.0,394399.0,386073.0,394399.0,,52914.0,3872.0,82.0,
2020-09-07,1175.0,424274.0,,11652.0,16905.0,545.0,1764.0,24706.0,16905.0,395717.0,387916.0,395717.0,,53132.0,3731.0,44.0,
2020-09-08,839.0,425541.0,,11682.0,16129.0,397.0,1263.0,24556.0,16129.0,397730.0,389303.0,397730.0,,53226.0,3437.0,27.0,
2020-09-09,1048.0,427027.0,,11702.0,15770.0,402.0,1482.0,24662.0,15770.0,399555.0,390663.0,399555.0,,53734.0,3595.0,32.0,
2020-09-10,1139.0,428669.0,,11781.0,15532.0,452.0,1639.0,24567.0,15532.0,401356.0,392321.0,401356.0,,54253.0,3744.0,48.0,
2020-09-11,1304.0,430535.0,,11850.0,15621.0,509.0,1860.0,24563.0,15621.0,403064.0,394122.0,403064.0,,54742.0,3868.0,47.0,
2020-09-12,1407.0,432666.0,,11895.0,15852.0,667.0,2135.0,24657.0,15852.0,404919.0,396114.0,404919.0,,55177.0,4015.0,61.0,
2020-09-13,1413.0,434748.0,,11949.0,16473.0,592.0,2082.0,24774.0,16473.0,406326.0,398025.0,406326.0,,55551.0,4082.0,77.0,
2020-09-14,1064.0,436433.0,,12013.0,16695.0,561.0,1685.0,24707.0,16695.0,407725.0,399713.0,407725.0,,55702.0,3915.0,60.0,
2020-09-15,1025.0,437983.0,,12040.0,15999.0,479.0,1536.0,24838.0,15999.0,409944.0,401105.0,409944.0,,55769.0,3525.0,32.0,
2020-09-16,918.0,439287.0,,12058.0,15377.0,353.0,1305.0,24548.0,15377.0,411852.0,402681.0,411853.0,,56269.0,3658.0,34.0,
2020-09-17,1283.0,441150.0,,12142.0,15080.0,540.0,1860.0,24649.0,15080.0,413928.0,404359.0,413928.0,,56677.0,3657.0,37.0,
2020-09-18,1097.0,442827.0,,12199.0,14647.0,510.0,1673.0,24358.0,14647.0,415981.0,406270.0,415981.0,,57015.0,3627.0,66.0,
2020-09-19,1230.0,444674.0,,12254.0,14319.0,576.0,1848.0,24240.0,14319.0,418101.0,408180.0,418101.0,,57317.0,3543.0,42.0,
2020-09-20,1048.0,446274.0,,12286.0,14242.0,485.0,1600.0,23764.0,14242.0,419746.0,410224.0,419746.0,,57350.0,3245.0,67.0,
2020-09-21,832.0,447468.0,,12298.0,14059.0,337.0,1194.0,23194.0,14059.0,421111.0,411976.0,421111.0,,57464.0,3018.0,25.0,
2020-09-22,814.0,448523.0,,12321.0,13026.0,219.0,1054.0,22982.0,13026.0,423176.0,413220.0,423176.0,,57610.0,2773.0,21.0,
2020-09-23,1016.0,449903.0,,12345.0,12393.0,325.0,1372.0,22876.0,12393.0,425165.0,414682.0,425165.0,,58110.0,2891.0,31.0,
2020-09-24,1282.0,451634.0,,12469.0,12289.0,395.0,1731.0,22965.0,12289.0,426876.0,416200.0,426876.0,,58624.0,3071.0,54.0,
2020-09-25,1475.0,453868.0,,12527.0,12761.0,694.0,2222.0,23333.0,12761.0,428580.0,418008.0,428580.0,,59096.0,3192.0,53.0,
2020-09-26,1458.0,455979.0,,12591.0,13129.0,594.0,2109.0,23313.0,13129.0,430259.0,420075.0,430259.0,,59645.0,3372.0,57.0,
2020-09-27,1233.0,457901.0,,12641.0,13556.0,616.0,1923.0,23153.0,13556.0,431704.0,422107.0,431704.0,,60090.0,3491.0,74.0,
2020-09-28,1112.0,459671.0,,12698.0,13957.0,601.0,1770.0,23238.0,13957.0,433016.0,423735.0,433016.0,,60293.0,3419.0,57.0,
2020-09-29,1036.0,461300.0,,12725.0,13781.0,552.0,1622.0,23317.0,13781.0,434794.0,425258.0,434794.0,,60357.0,3147.0,34.0,
2020-09-30,1185.0,462991.0,,12741.0,13661.0,449.0,1684.0,23704.0,13661.0,436589.0,426546.0,436589.0,,60824.0,3315.0,50.0,
2020-10-01,1198.0,464750.0,,12822.0,13780.0,511.0,1760.0,23600.0,13780.0,438148.0,428328.0,438148.0,,61268.0,3509.0,51.0,
2020-10-02,1208.0,466590.0,,12867.0,14116.0,585.0,1839.0,23763.0,14116.0,439607.0,429960.0,439607.0,,61629.0,3604.0,46.0,
2020-10-03,1184.0,468471.0,,12919.0,14671.0,605.0,1880.0,23797.0,14671.0,440881.0,431755.0,440881.0,,61808.0,3512.0,91.0,
2020-10-04,1016.0,470179.0,,12979.0,15130.0,630.0,1708.0,23905.0,15130.0,442070.0,433295.0,442070.0,,62033.0,3443.0,62.0,
2020-10-05,984.0,471746.0,,13037.0,15256.0,481.0,1567.0,24278.0,15256.0,443453.0,434431.0,443453.0,,62112.0,3172.0,102.0,
2020-10-06,1019.0,473306.0,,13070.0,14818.0,500.0,1554.0,24783.0,14818.0,445418.0,435453.0,445418.0,,62178.0,2833.0,35.0,
2020-10-07,803.0,474440.0,,13090.0,14297.0,309.0,1131.0,24537.0,14297.0,447053.0,436813.0,447053.0,,62654.0,2967.0,19.0,
2020-10-08,1104.0,476016.0,,13167.0,14139.0,440.0,1575.0,24382.0,14139.0,448710.0,438467.0,448710.0,,62937.0,2924.0,31.0,
2020-10-09,1228.0,477769.0,,13220.0,14252.0,492.0,1750.0,23901.0,14252.0,450297.0,440648.0,450297.0,,63282.0,2955.0,30.0,
2020-10-10,1200.0,479595.0,,13272.0,14269.0,581.0,1824.0,23616.0,14269.0,452054.0,442707.0,452054.0,,63613.0,2986.0,43.0,
2020-10-11,1132.0,481371.0,,13318.0,14701.0,562.0,1776.0,23470.0,14701.0,453352.0,444583.0,453352.0,,63927.0,3008.0,82.0,
2020-10-12,941.0,482888.0,,13379.0,15025.0,525.0,1517.0,23217.0,15025.0,454484.0,446292.0,454484.0,,64021.0,2816.0,51.0,
2020-10-13,898.0,484280.0,,13396.0,14385.0,462.0,1392.0,22980.0,14385.0,456499.0,447904.0,456499.0,,64116.0,2573.0,32.0,
2020-10-14,822.0,485372.0,,13415.0,13884.0,256.0,1089.0,22381.0,13884.0,458073.0,449576.0,458073.0,,64189.0,2446.0,11.0,
2020-10-15,889.0,486496.0,,13434.0,13526.0,210.0,1122.0,21746.0,13526.0,459536.0,451316.0,459536.0,,64577.0,2583.0,23.0,
2020-10-16,1141.0,488190.0,,13529.0,13564.0,510.0,1689.0,21600.0,13564.0,461097.0,453061.0,461097.0,,64966.0,2735.0,38.0,
2020-10-17,1189.0,490003.0,,13588.0,13703.0,600.0,1811.0,21532.0,13703.0,462712.0,454883.0,462712.0,,65245.0,2781.0,22.0,
2020-10-18,1149.0,491760.0,,13635.0,14182.0,591.0,1759.0,21581.0,14182.0,463943.0,456544.0,463943.0,,65536.0,2809.0,19.0,
2020-10-19,1034.0,493305.0,,13676.0,14608.0,476.0,1545.0,21559.0,14608.0,465021.0,458070.0,465021.0,,65630.0,2670.0,35.0,
2020-10-20,726.0,494478.0,,13702.0,14049.0,345.0,1099.0,21172.0,14049.0,466727.0,459604.0,466643.0,,65715.0,2448.0,28.0,
2020-10-21,830.0,495637.0,,13719.0,13565.0,311.0,1152.0,21197.0,13565.0,468353.0,460721.0,468269.0,,66056.0,2545.0,11.0,
2020-10-22,1030.0,497131.0,,13792.0,13490.0,428.0,1495.0,21115.0,13490.0,469849.0,462224.0,469765.0,,66411.0,2657.0,37.0,
2020-10-23,1160.0,498906.0,,13844.0,,584.0,1773.0,21137.0,,,463925.0,471343.0,,66702.0,2714.0,29.0,13635.0
2020-10-24,1121.0,500542.0,,13892.0,9990.0,491.0,1631.0,20947.0,9990.0,476660.0,465703.0,476576.0,,67030.0,2063.0,19.0,
2020-10-25,1026.0,502063.0,,13944.0,9784.0,491.0,1540.0,20692.0,9784.0,478335.0,467427.0,478252.0,,67317.0,2093.0,23.0,
2020-10-26,1010.0,503598.0,,14003.0,9634.0,472.0,1505.0,20710.0,9634.0,479961.0,468885.0,479877.0,,67400.0,1920.0,23.0,
2020-10-27,569.0,504525.0,,14026.0,9035.0,300.0,922.0,20245.0,9035.0,481464.0,470254.0,481379.0,,67462.0,1693.0,53.0,
2020-10-28,738.0,505530.0,,14032.0,8507.0,234.0,1004.0,20158.0,8507.0,482991.0,471340.0,482906.0,,67836.0,1827.0,32.0,
2020-10-29,1064.0,507050.0,,14118.0,8925.0,425.0,1519.0,20554.0,8925.0,484007.0,472378.0,483922.0,,68164.0,1908.0,30.0,
2020-10-30,965.0,508571.0,,14158.0,9176.0,535.0,1529.0,20381.0,9176.0,485237.0,474032.0,485152.0,,68378.0,1905.0,29.0,
2020-10-31,1077.0,510256.0,,14207.0,9121.0,579.0,1686.0,20253.0,9121.0,486928.0,475796.0,486642.0,,68675.0,1944.0,30.0,
2020-11-01,1031.0,511864.0,,14247.0,9164.0,548.0,1607.0,20104.0,9164.0,488453.0,477513.0,488166.0,,68933.0,1925.0,28.0,
2020-11-02,824.0,513188.0,,14302.0,9074.0,477.0,1314.0,19883.0,9074.0,489812.0,479003.0,489525.0,,69004.0,1775.0,13.0,
2020-11-03,688.0,514202.0,,14319.0,8776.0,308.0,1009.0,19724.0,8776.0,491107.0,480159.0,490820.0,,69046.0,1616.0,13.0,
2020-11-04,633.0,515042.0,,14340.0,8266.0,200.0,846.0,19405.0,8266.0,492436.0,481297.0,492149.0,,69402.0,1712.0,13.0,
2020-11-05,1044.0,516582.0,,14404.0,8640.0,458.0,1540.0,19451.0,8640.0,493538.0,482727.0,493250.0,,69672.0,1732.0,38.0,
2020-11-06,1145.0,518390.0,,14450.0,9346.0,605.0,1801.0,19484.0,9346.0,494594.0,484456.0,494303.0,,69879.0,1698.0,51.0,
2020-11-07,1026.0,519977.0,,14499.0,9334.0,519.0,1568.0,19435.0,9334.0,496144.0,486043.0,495852.0,,70171.0,1721.0,23.0,
2020-11-08,1058.0,521558.0,,14543.0,9311.0,514.0,1576.0,19495.0,9311.0,497704.0,487520.0,497411.0,,70468.0,1807.0,4.0,
2020-11-09,836.0,522879.0,,14588.0,9094.0,456.0,1318.0,19281.0,9094.0,499197.0,489010.0,498904.0,,70552.0,1658.0,26.0,
2020-11-10,687.0,523907.0,,14611.0,8861.0,371.0,1083.0,19382.0,8861.0,500435.0,489914.0,500142.0,,70608.0,1535.0,25.0,
2020-11-11,636.0,524804.0,,14633.0,8451.0,253.0,904.0,19274.0,8451.0,501720.0,490897.0,501426.0,,70979.0,1721.0,15.0,
2020-11-12,1145.0,526438.0,,14699.0,8968.0,468.0,1631.0,19388.0,8968.0,502771.0,492351.0,502475.0,,71251.0,1804.0,18.0,
2020-11-13,1012.0,528030.0,,14738.0,9454.0,543.0,1592.0,19459.0,9454.0,503838.0,493833.0,503540.0,,71503.0,1853.0,37.0,
2020-11-14,1093.0,529676.0,,14777.0,9358.0,536.0,1644.0,19420.0,9358.0,505541.0,495479.0,505243.0,,71790.0,1857.0,15.0,
2020-11-15,1029.0,531273.0,,14819.0,9455.0,545.0,1597.0,19409.0,9455.0,506999.0,497045.0,506700.0,,72024.0,1849.0,23.0,
2020-11-16,848.0,532604.0,,14863.0,9374.0,447.0,1331.0,19416.0,9374.0,508367.0,498325.0,508067.0,,72116.0,1729.0,36.0,
2020-11-17,656.0,533610.0,,14883.0,9025.0,317.0,1003.0,19408.0,9025.0,509702.0,499319.0,509401.0,,72204.0,1594.0,30.0,
2020-11-18,697.0,534558.0,,14897.0,8592.0,242.0,945.0,19516.0,8592.0,511069.0,500145.0,510766.0,,72597.0,1760.0,6.0,
2020-11-19,1051.0,536012.0,,14955.0,8880.0,386.0,1455.0,19430.0,8880.0,512177.0,501627.0,511874.0,,72953.0,1892.0,18.0,
2020-11-20,1071.0,537585.0,,15003.0,9351.0,479.0,1573.0,19195.0,9351.0,513231.0,503387.0,512927.0,,73244.0,1982.0,23.0,
2020-11-21,1019.0,539143.0,,15030.0,9224.0,502.0,1550.0,19166.0,9224.0,514889.0,504947.0,514584.0,,73506.0,1968.0,29.0,
2020-11-22,961.0,540640.0,,15069.0,9145.0,522.0,1497.0,19082.0,9145.0,516426.0,506489.0,516121.0,,73795.0,2026.0,14.0,
2020-11-23,903.0,542080.0,,15106.0,9144.0,505.0,1440.0,19201.0,9144.0,517830.0,507773.0,517524.0,,73858.0,1860.0,32.0,
2020-11-24,702.0,543087.0,,15131.0,8816.0,287.0,1005.0,19180.0,8816.0,519140.0,508776.0,518834.0,,73938.0,1705.0,16.0,
2020-11-25,780.0,544092.0,,15138.0,8468.0,218.0,1004.0,19288.0,8468.0,520486.0,509666.0,520180.0,,74346.0,1891.0,6.0,
2020-11-26,1082.0,545662.0,,15235.0,8872.0,469.0,1564.0,19224.0,8872.0,521555.0,511203.0,521247.0,,74661.0,1974.0,13.0,
2020-11-27,1014.0,547223.0,,15278.0,9379.0,537.0,1570.0,19193.0,9379.0,522566.0,512752.0,522259.0,,74942.0,2040.0,19.0,
2020-11-28,1133.0,548941.0,,15322.0,9519.0,575.0,1718.0,19265.0,9519.0,524100.0,514354.0,523792.0,,75190.0,2010.0,10.0,
2020-11-29,993.0,550430.0,,15356.0,9554.0,485.0,1489.0,19157.0,9554.0,525520.0,515917.0,525212.0,,75531.0,2109.0,11.0,
2020-11-30,884.0,551743.0,,15410.0,9418.0,410.0,1313.0,19139.0,9418.0,526915.0,517194.0,526604.0,,75606.0,1933.0,19.0,
2020-12-01,747.0,552864.0,,15430.0,9089.0,354.0,1119.0,19254.0,9089.0,528345.0,518180.0,528034.0,,75655.0,1748.0,18.0,
2020-12-02,773.0,553898.0,,15438.0,8647.0,245.0,1035.0,19340.0,8647.0,529813.0,519120.0,529501.0,,76018.0,1865.0,17.0,
2020-12-03,1079.0,555406.0,,15519.0,9104.0,409.0,1507.0,19394.0,9104.0,530783.0,520493.0,530470.0,,76383.0,1999.0,19.0,
2020-12-04,1155.0,557135.0,,15558.0,9719.0,552.0,1729.0,19550.0,9719.0,531858.0,522027.0,531543.0,,76697.0,2044.0,22.0,
2020-12-05,1014.0,558668.0,,15592.0,9509.0,494.0,1533.0,19525.0,9509.0,533567.0,523551.0,533250.0,,77021.0,2031.0,25.0,
2020-12-06,1078.0,560382.0,,15628.0,9646.0,583.0,1710.0,19742.0,9646.0,535108.0,525012.0,534789.0,,77120.0,1906.0,49.0,
2020-12-07,1132.0,562142.0,,15663.0,9892.0,583.0,1760.0,20062.0,9892.0,536587.0,526417.0,536267.0,,77350.0,1893.0,45.0,
2020-12-08,958.0,563534.0,,15680.0,9806.0,406.0,1389.0,20447.0,9806.0,538048.0,527407.0,537727.0,,77390.0,1726.0,25.0,
2020-12-09,945.0,564778.0,,15690.0,9596.0,287.0,1247.0,20686.0,9596.0,539492.0,528402.0,539171.0,,77802.0,1879.0,15.0,
2020-12-10,1128.0,566440.0,,15774.0,10057.0,517.0,1662.0,20778.0,10057.0,540609.0,529888.0,540288.0,,77925.0,1783.0,17.0,
2020-12-11,1112.0,567974.0,,15782.0,10526.0,399.0,1531.0,20751.0,10526.0,541666.0,531441.0,541345.0,,78366.0,2006.0,20.0,
2020-12-12,1281.0,569781.0,,15846.0,10530.0,491.0,1807.0,20840.0,10530.0,543405.0,533095.0,543083.0,,78715.0,2088.0,35.0,
2020-12-13,1427.0,571919.0,,15886.0,10887.0,684.0,2139.0,21489.0,10887.0,545146.0,534544.0,544822.0,,79067.0,2188.0,28.0,
2020-12-14,1243.0,573830.0,,15931.0,11035.0,647.0,1911.0,22087.0,11035.0,546864.0,535812.0,546538.0,,79177.0,2063.0,21.0,
2020-12-15,1064.0,575329.0,,15949.0,10864.0,412.0,1498.0,22465.0,10864.0,548516.0,536915.0,548190.0,,79270.0,1889.0,22.0,
2020-12-16,1052.0,576731.0,,15959.0,10594.0,330.0,1402.0,22833.0,10594.0,550178.0,537939.0,549852.0,,79817.0,2220.0,20.0,
2020-12-17,1414.0,578732.0,,16007.0,11199.0,535.0,1998.0,23326.0,11199.0,551526.0,539399.0,551200.0,,80295.0,2435.0,49.0,
2020-12-18,1551.0,581135.0,,16051.0,12468.0,809.0,2404.0,24000.0,12468.0,552616.0,541084.0,552289.0,,80694.0,2576.0,44.0,
2020-12-19,1517.0,583354.0,,16101.0,12591.0,666.0,2217.0,24686.0,12591.0,554662.0,542567.0,554333.0,,81093.0,2618.0,34.0,
2020-12-20,1411.0,585545.0,,16154.0,13105.0,740.0,2191.0,25163.0,13105.0,556286.0,544228.0,555956.0,,81363.0,2589.0,40.0,
2020-12-21,1276.0,587488.0,,16197.0,13047.0,614.0,1943.0,25346.0,13047.0,558244.0,545945.0,557913.0,,81496.0,2450.0,53.0,
2020-12-22,1086.0,589189.0,,16217.0,12794.0,576.0,1699.0,25655.0,12794.0,560178.0,547317.0,559845.0,,81608.0,2275.0,37.0,
2020-12-23,1281.0,590914.0,,16228.0,12561.0,414.0,1726.0,26136.0,12561.0,562125.0,548550.0,561794.0,,82085.0,2473.0,31.0,
2020-12-24,1598.0,593310.0,,16303.0,13214.0,741.0,2395.0,26870.0,13214.0,563793.0,550137.0,563457.0,,82518.0,2555.0,56.0,
2020-12-25,1597.0,595831.0,,16358.0,14133.0,860.0,2520.0,27857.0,14133.0,565340.0,551616.0,565002.0,,82871.0,2580.0,63.0,
2020-12-26,1618.0,598394.0,,16404.0,14275.0,864.0,2564.0,28613.0,14275.0,567715.0,553377.0,567376.0,,83082.0,2374.0,82.0,
2020-12-27,1105.0,600105.0,,16443.0,13745.0,565.0,1711.0,28186.0,13745.0,569917.0,555476.0,569578.0,,83161.0,2154.0,41.0,
2020-12-28,1395.0,602028.0,,16443.0,13572.0,489.0,1923.0,28198.0,13572.0,572013.0,557387.0,571674.0,,83329.0,2001.0,39.0,
2020-12-29,1410.0,603986.0,,16488.0,13477.0,499.0,1958.0,28657.0,13477.0,574021.0,558841.0,573681.0,,83505.0,1929.0,49.0,
2020-12-30,1554.0,605950.0,,16499.0,13514.0,363.0,1961.0,29219.0,13514.0,575937.0,560232.0,575595.0,,84213.0,2350.0,44.0,
2020-12-31,2036.0,608973.0,,16608.0,14638.0,873.0,3022.0,30241.0,14638.0,577727.0,562124.0,577382.0,,84939.0,2780.0,113.0,
2021-01-01,2321.0,612564.0,,16660.0,16355.0,1132.0,3588.0,31429.0,16355.0,579549.0,564475.0,579203.0,,85483.0,3041.0,135.0,
2021-01-02,2055.0,615902.0,,16724.0,16870.0,1165.0,3338.0,32548.0,16870.0,582308.0,566630.0,581961.0,,85863.0,3088.0,118.0,
2021-01-03,1492.0,618191.0,,16767.0,16620.0,753.0,2289.0,32646.0,16620.0,584804.0,568778.0,584457.0,,86032.0,2922.0,44.0,
2021-01-04,1751.0,620641.0,,16767.0,16626.0,645.0,2450.0,33153.0,16626.0,587248.0,570721.0,586900.0,,86280.0,2875.0,54.0,
2021-01-05,1885.0,623101.0,,16788.0,16885.0,519.0,2457.0,33912.0,16885.0,589428.0,572401.0,589081.0,,86496.0,2797.0,53.0,
2021-01-06,1896.0,625483.0,,16816.0,17239.0,439.0,2378.0,34569.0,17239.0,591428.0,574098.0,591081.0,,87278.0,3238.0,43.0,
2021-01-07,2614.0,629176.0,,16913.0,18679.0,944.0,3685.0,35866.0,18679.0,593584.0,576397.0,593235.0,,88126.0,3693.0,127.0,
2021-01-08,2685.0,633381.0,,16974.0,,1356.0,4201.0,37550.0,,,578857.0,595799.0,20259.0,88912.0,3997.0,160.0,
2021-01-09,2762,637742,,17037,,1428,4361,39348.0,,,581357.0,599604.0,20749,89545.0,4073.0,171.0,
