Region,Categoria,2020-05-29,2020-05-30,2020-05-31,2020-06-01,2020-06-02,2020-06-03,2020-06-04,2020-06-05,2020-06-06,2020-06-07,2020-06-08,2020-06-09,2020-06-10,2020-06-11,2020-06-12,2020-06-13,2020-06-14,2020-06-15,2020-06-16,2020-06-17,2020-06-18,2020-06-19,2020-06-20,2020-06-21,2020-06-22,2020-06-23,2020-06-24,2020-06-25,2020-06-26,2020-06-27,2020-06-28,2020-06-29,2020-06-30,2020-07-01,2020-07-02,2020-07-03,2020-07-04,2020-07-05,2020-07-06,2020-07-07,2020-07-08,2020-07-09,2020-07-10,2020-07-11,2020-07-12,2020-07-13,2020-07-14,2020-07-15,2020-07-16,2020-07-17,2020-07-18,2020-07-19,2020-07-20,2020-07-21,2020-07-22,2020-07-23,2020-07-24,2020-07-25,2020-07-26,2020-07-27,2020-07-28,2020-07-29,2020-07-30,2020-07-31,2020-08-01,2020-08-02,2020-08-03,2020-08-04,2020-08-05,2020-08-06,2020-08-07,2020-08-08,2020-08-09,2020-08-10,2020-08-11,2020-08-12,2020-08-13,2020-08-14,2020-08-15,2020-08-16,2020-08-17,2020-08-18,2020-08-19,2020-08-20,2020-08-21,2020-08-22,2020-08-23,2020-08-24,2020-08-25,2020-08-26,2020-08-27,2020-08-28,2020-08-29,2020-08-30,2020-08-31,2020-09-01,2020-09-02,2020-09-03,2020-09-04,2020-09-05,2020-09-06,2020-09-07,2020-09-08,2020-09-09,2020-09-10,2020-09-11,2020-09-12,2020-09-13,2020-09-14,2020-09-15,2020-09-16,2020-09-17,2020-09-18,2020-09-19,2020-09-20,2020-09-21,2020-09-22,2020-09-23,2020-09-24,2020-09-25,2020-09-26,2020-09-27,2020-09-28,2020-09-29,2020-09-30,2020-10-01,2020-10-02,2020-10-03,2020-10-04,2020-10-05,2020-10-06,2020-10-07,2020-10-08,2020-10-09,2020-10-10,2020-10-11,2020-10-12,2020-10-13,2020-10-14,2020-10-15,2020-10-16,2020-10-17,2020-10-18,2020-10-19,2020-10-20,2020-10-21,2020-10-22,2020-10-23,2020-10-24,2020-10-25,2020-10-26,2020-10-27,2020-10-28,2020-10-29,2020-10-30,2020-10-31,2020-11-01,2020-11-02,2020-11-03,2020-11-04,2020-11-05,2020-11-06,2020-11-07,2020-11-08,2020-11-09,2020-11-10,2020-11-11,2020-11-12,2020-11-13,2020-11-14,2020-11-15,2020-11-16,2020-11-17,2020-11-18,2020-11-19,2020-11-20,2020-11-21,2020-11-22,2020-11-23,2020-11-24,2020-11-25,2020-11-26,2020-11-27,2020-11-28,2020-11-29,2020-11-30,2020-12-01,2020-12-02,2020-12-03,2020-12-04,2020-12-05,2020-12-06,2020-12-07,2020-12-08,2020-12-09,2020-12-10,2020-12-11,2020-12-12,2020-12-13,2020-12-14,2020-12-15,2020-12-16,2020-12-17,2020-12-18,2020-12-19,2020-12-20,2020-12-21,2020-12-22,2020-12-23,2020-12-24,2020-12-25,2020-12-26,2020-12-27,2020-12-28,2020-12-29,2020-12-30,2020-12-31,2021-01-01,2021-01-02,2021-01-03,2021-01-04,2021-01-05,2021-01-06,2021-01-07,2021-01-08,2021-01-09
Arica y Parinacota,cupos totales,60,60,60,,60,60,95,266,162,162,162,162,163,191,191,191,218,218,218,217,239,239,239,239,239,239,267,267,267,297,297,297,297,297,344,374,383,370,372,399,455,406,419,427,418,430,714,491,509,508,521,530,530,569,577,590,591,723,726,723,722,715.0,722,664,664,664,664,664,664,664,664,664,664,664,711,712,712,712,712,768,768,768,768,782,782,782,735,735,735,735,735,735,735,735,735,735,735,735,735,735,735,735,735,735,735,735,735,735,735,735,735,717,717,717,717,717,717,717,717,784,784,784,784,784,784,795,795,795,795,795,795,614,588,588,612,612,612,612,612,612,612,612,612,612,583,583,583,583,583,583,583,583,583,583,583,583,583,583,583,583,583,583,583,537,537,537,537,537,537,537,537,537,537,537,537,537,537,537,537,537,537,393,393,393,393,393,300,300,300,300,300,300,300,300,300,300,300,300,300,300,308,308,308,308,308,308,308,308,308,308,308,308,308,308,308,308,308,308,308,363,381,411,411,411,425,425
Tarapacá,cupos totales,40,40,119,,119,119,219,248,235,235,235,235,313,467,467,489,491,491,491,668,651,651,642,642,642,642,642,619,619,631,631,631,631,635,674,674,666,665,665,667,667,675,673,673,673,673,678,682,677,677,677,677,677,677,677,677,677,769,769,769,769,769.0,769,769,769,710,707,707,707,707,707,707,707,707,708,708,706,704,703,675,675,662,611,611,611,611,611,611,611,611,611,611,611,611,611,611,611,611,611,711,711,711,711,711,741,741,741,741,741,741,741,748,748,748,758,810,810,810,810,810,1010,926,997,997,1097,1097,1097,1197,1297,1297,1311,1311,1420,1420,1420,1420,1420,1420,1422,1422,1650,1633,1633,1633,1653,1678,1678,1678,1918,1918,1918,1918,1918,2044,2044,2143,2282,2282,1941,2058,2138,2116,2107,2107,1977,2077,2007,2100,2036,2036,2024,2028,1937,1991,1989,1989,1968,2006,2004,1970,1964,1964,1921,1921,1893,1915,1915,1985,1995,2021,1947,1832,1832,1808,1808,1803,1744,1814,1875,1861,1676,1689,1726,1871,2049,2049,2012,2009,1992,2006,1984,1984,1984,1984,1984,1984,1969,1969,1933,1933,1933,2493,1800,1800,1615,1615
Antofagasta,cupos totales,157,157,157,,157,157,266,95,266,266,266,266,266,343,343,343,343,303,303,286,285,285,285,285,285,285,285,285,285,386,386,389,478,519,519,522,456,456,458,434,434,625,624,628,628,658,677,673,673,673,673,673,673,689,689,689,689,689,689,689,689,689.0,955,955,955,955,955,955,955,955,955,955,955,955,955,955,955,956,956,956,956,956,956,956,956,956,956,956,956,956,956,956,956,956,934,934,894,894,894,894,894,894,894,894,894,894,894,894,894,894,900,900,900,900,900,900,900,900,900,900,900,900,900,900,900,900,759,759,759,759,759,759,759,759,759,759,759,759,759,759,759,759,759,759,759,759,759,759,759,759,759,759,759,759,759,759,759,759,759,759,759,759,759,759,759,759,759,759,759,759,759,732,732,732,732,732,732,732,732,732,732,687,687,687,687,687,687,687,687,687,687,687,687,687,687,687,687,687,687,687,687,687,687,687,687,687,687,687,687,687,687,687,687,687,687,687,687,687,687,687,466,466,466,487,487,517
Atacama,cupos totales,48,48,48,,48,48,57,57,60,72,72,72,72,71,71,71,134,134,134,121,287,287,212,257,257,257,257,257,257,288,288,287,305,303,286,175,183,174,137,128,128,128,298,297,299,299,299,299,299,299,299,299,299,299,299,299,299,299,299,299,299,299.0,299,299,299,299,299,299,390,392,392,390,390,390,390,390,390,399,399,399,399,399,399,399,399,399,399,399,399,399,399,399,399,399,399,399,399,399,399,399,399,399,399,288,288,288,288,288,288,288,288,288,288,288,288,288,288,288,288,288,288,288,288,288,288,288,288,288,288,288,288,288,288,288,288,288,288,288,288,288,288,288,288,288,288,288,288,288,288,288,288,288,288,288,288,288,288,288,288,288,288,288,288,288,288,288,288,288,288,288,288,288,195,195,195,195,195,195,195,195,195,195,195,195,195,195,195,195,195,195,195,195,195,195,195,195,195,195,195,195,195,195,195,195,195,195,195,195,195,195,195,195,195,195,195,195,195,195,195,195,195,195,195,195,195,195
Coquimbo,cupos totales,197,197,192,,192,190,465,47,465,465,465,465,465,465,465,465,447,447,447,452,452,452,452,452,452,452,452,452,544,414,414,440,448,448,448,478,478,479,479,479,479,479,479,505,536,540,540,540,574,574,574,574,574,607,597,607,607,614,615,615,615,615.0,615,615,615,615,615,615,615,615,615,615,615,615,615,615,615,615,615,615,615,615,671,640,640,640,640,640,640,640,640,640,644,644,644,644,652,652,652,652,652,652,652,652,652,652,652,652,652,652,652,652,652,652,652,652,652,652,652,652,652,652,652,652,652,587,587,587,587,587,587,587,587,516,516,516,516,516,516,516,516,516,516,516,516,516,516,416,371,371,340,340,340,340,340,340,340,272,272,272,272,272,272,230,230,230,230,230,230,230,230,230,230,205,205,205,205,205,205,205,205,205,205,205,205,205,205,205,205,205,215,225,225,225,260,260,260,260,260,260,260,260,260,260,260,310,310,310,310,310,310,310,310,310,310,310,310,310,310,310,310,310,310,310,310,310
Valparaíso,cupos totales,394,394,419,,418,543,1742,587,2604,2604,2604,2604,2604,2604,2604,2604,2300,2200,2200,1785,1195,1348,1017,1017,1017,1017,1091,1091,1091,1196,1140,1146,1145,1112,1151,1151,1206,1246,1206,1206,1207,1206,702,701,701,701,701,701,701,701,632,1137,1137,1320,1193,1178,1178,1178,1193,1193,1193,1193.0,1193,1193,1193,1193,1193,1193,1193,1193,1320,1155,1155,1155,1155,1155,1156,1156,1154,1156,1156,1156,1156,1156,1156,1156,1156,1156,1154,1154,1154,1153,1153,1153,1153,1153,1153,1153,1153,1153,1153,1153,1153,1153,1153,1153,1153,1153,1153,1153,1153,1153,1153,1153,1153,1155,1153,1153,1153,1163,1153,1153,1153,1153,1153,1153,1153,1153,1153,1153,1153,1153,1153,1153,1156,1156,1156,1156,1156,1156,1156,1156,1154,1154,1154,1154,1040,1040,1040,1040,1040,1040,1040,1040,1040,1040,756,756,756,756,756,756,756,756,756,756,758,758,758,758,758,758,758,758,758,758,757,757,756,756,757,757,757,574,574,574,574,573,573,573,573,573,573,573,573,573,573,573,573,573,573,573,573,573,573,573,573,573,573,573,573,573,573,573,573,573,573,573,573,573,573,573,573,573,573,573
Metropolitana,cupos totales,2359,2359,2236,,2306,2301,3041,465,4434,4434,4434,4434,4434,4370,4370,4372,4421,4433,4456,3975,3924,3924,3924,3924,3924,3924,3924,3991,3991,3653,3963,3602,3676,3678,3647,3679,3804,3774,3794,3828,3822,3885,3885,3887,3895,3887,3887,3864,3868,3797,3797,3797,3797,3797,3798,3795,3804,3805,3779,3699,3574,3.56,3388,3212,3212,3200,3200,3200,3200,3200,3200,3200,3200,3200,3200,3200,3200,2607,2607,2607,2607,2607,2607,2607,2608,2608,2608,2608,2608,2608,2608,2670,2676,2593,2593,2550,2550,2516,2516,2500,2500,2488,2488,2488,2488,2488,2488,2488,2488,2488,2488,2488,2488,2488,2488,2488,2488,2488,2488,2476,2476,2476,2476,2476,2193,2063,2063,2063,2063,2063,2063,2115,1935,2000,2000,2000,2000,2000,2000,2000,2000,1995,1995,1995,1995,1999,1999,1999,1999,1999,1999,1886,1886,1886,1886,1886,1886,1886,1886,1886,1886,1886,1886,1886,1886,1886,1886,1886,1886,1886,1886,1886,1886,1886,1886,1886,1886,1886,1886,1886,1886,1886,1886,1886,1886,1886,1677,1601,1601,1443,1443,1443,1443,1443,1443,1443,1443,1443,1443,1443,1443,1443,1443,1443,1443,1443,1443,1443,1443,1443,1443,1443,1443,1443,1443,1443,1443,1443,1443,1443,1443,1443,1443,1591,1612,1612
O’Higgins,cupos totales,99,99,94,,94,94,94,455,1894,1894,1894,1894,1894,1894,1894,1894,1894,1894,1894,1780,1780,180,180,180,180,180,179,179,179,179,206,207,207,207,207,143,146,194,196,153,153,153,198,198,197,198,199,199,199,199,198,198,198,198,198,198,198,198,198,198,198,198.0,198,198,198,198,198,198,198,198,198,198,198,198,198,199,165,170,189,189,189,189,189,235,235,235,235,235,235,235,235,235,235,235,235,235,235,235,235,235,235,235,235,235,235,235,235,235,235,235,235,235,235,235,235,235,235,235,235,235,252,252,252,252,252,252,252,252,252,252,252,252,252,252,252,252,252,252,252,283,283,238,238,238,238,238,238,238,238,238,238,238,238,238,238,238,238,238,238,238,238,238,238,238,238,238,238,238,238,238,238,238,238,238,238,238,238,238,207,207,207,207,207,207,207,207,146,190,190,190,190,190,190,190,190,190,190,190,190,190,190,190,190,190,190,190,190,190,190,190,190,190,190,190,190,190,190,190,190,190,190,190,204,204,204,212
Maule,cupos totales,58,58,72,,150,150,220,302,349,349,349,349,360,360,360,360,378,383,383,453,453,392,390,460,388,388,344,344,344,486,489,526,501,501,500,571,563,585,595,563,584,588,588,589,587,587,587,613,614,570,570,572,572,575,573,610,610,607,603,604,603,603.0,603,591,603,603,603,604,605,613,612,612,588,588,576,576,576,576,606,594,594,594,594,594,594,594,594,594,594,594,594,594,594,594,594,594,594,594,594,594,594,594,594,594,599,599,599,599,599,599,599,599,632,632,632,599,632,632,632,632,632,632,632,632,632,632,632,632,632,632,632,632,632,632,632,632,632,632,632,632,632,632,632,632,632,632,632,632,632,632,632,632,632,632,632,632,632,632,632,632,632,632,632,632,632,632,632,632,632,632,609,609,609,609,609,609,609,609,609,609,609,609,609,609,609,609,609,609,609,609,609,609,609,609,609,609,632,632,632,632,632,632,632,632,632,632,632,632,632,632,632,632,632,632,632,632,632,632,632,632,632,632,632,632,632,632
Ñuble,cupos totales,56,56,54,,54,54,203,190,55,69,69,69,110,210,210,210,210,210,210,204,204,204,204,204,204,204,204,286,318,318,318,318,318,318,318,290,301,318,261,261,241,223,241,241,261,261,261,261,261,261,261,261,278,279,279,279,284,284,260,284,284,284.0,284,284,284,284,284,284,284,284,284,284,284,284,284,284,284,284,284,284,284,284,284,284,284,284,284,284,284,284,284,284,284,284,284,284,284,309,309,309,309,309,309,309,309,309,309,309,309,309,309,332,332,332,332,333,333,333,333,333,333,333,333,333,333,333,333,333,333,333,333,333,333,333,333,333,333,333,333,333,333,333,333,333,333,333,333,333,333,333,333,333,333,333,333,333,333,333,333,333,333,333,333,333,333,333,333,333,333,333,333,333,333,333,333,333,333,333,333,333,333,333,333,333,333,347,371,266,266,267,267,267,267,267,267,267,267,267,267,267,267,267,267,267,267,267,267,267,267,267,267,267,267,267,267,267,267,267,267,267,267,267,267,267,267,267
Biobío,cupos totales,175,175,213,,286,286,587,220,587,587,587,587,587,587,587,517,517,539,539,539,539,539,540,729,729,729,707,733,752,721,755,743,771,767,756,765,716,714,717,717,746,867,867,894,894,894,810,713,713,713,815,829,829,829,829,829,829,900,924,924,924,924.0,924,924,924,907,936,936,936,936,936,936,846,936,936,981,981,981,981,941,941,941,941,941,941,941,941,941,941,941,941,941,941,941,941,941,941,941,941,941,941,941,941,941,941,941,941,941,941,1043,1043,1043,1043,1043,1043,1043,1043,1043,1043,1043,1043,1043,1043,1043,1043,1043,1043,1043,1043,1043,1043,1058,1058,1058,1058,1058,1058,1058,1058,1058,1058,1058,1058,1058,1058,1058,1058,1058,1058,1058,1058,1058,1058,1058,1058,1058,1058,1058,1058,1058,1058,1058,1058,1058,1058,1058,1058,1058,1058,1058,1058,1058,1058,1058,1058,1058,1058,1058,1058,1058,1058,1058,1058,1058,1058,1058,1058,1058,1058,1058,1090,1090,1090,1090,1090,1090,1185,1185,1185,1185,1185,1185,1185,1185,1185,1185,1185,1185,1185,1185,1185,1185,1185,1185,1185,1185,1185,1185,1185,1185,1185,1224,1224,1224,1244,1244
Araucanía,cupos totales,120,120,198,,160,160,248,3041,258,258,258,258,274,330,330,330,330,330,330,332,365,365,365,365,365,365,365,347,347,319,319,332,332,323,332,332,383,377,377,377,377,377,377,374,378,378,378,378,378,378,339,340,340,340,340,340,340,340,340,340,340,340.0,340,340,340,340,340,340,340,340,340,340,340,340,395,340,395,395,395,395,395,395,395,395,395,395,395,395,395,395,395,395,395,395,395,395,395,395,395,395,395,395,395,395,395,395,395,395,395,395,395,395,395,395,395,395,395,395,395,395,455,454,454,454,454,454,454,454,454,454,454,454,454,454,454,454,454,454,454,454,454,454,454,454,454,454,454,453,453,453,452,452,452,452,452,452,452,487,487,487,490,490,490,490,490,490,490,490,490,490,490,490,489,489,489,489,489,473,473,474,473,473,473,473,473,473,473,507,507,507,507,507,507,507,507,507,507,509,510,512,511,511,511,511,511,509,509,509,509,509,509,509,509,509,509,509,509,509,475,475,475,520,520,522,527,527
Los Ríos,cupos totales,135,135,128,,77,112,302,203,156,156,156,156,156,156,156,156,156,156,156,152,152,152,152,152,152,152,152,152,152,102,102,102,102,80,80,82,82,83,123,123,123,123,123,123,123,123,123,123,123,121,121,143,143,143,143,143,143,143,143,143,143,143.0,143,143,157,157,157,157,157,157,157,157,159,159,159,159,159,159,159,159,159,159,199,199,199,199,199,199,199,199,199,199,199,199,199,199,178,178,178,178,178,178,178,178,178,178,178,178,178,178,178,178,178,178,178,178,178,178,178,178,178,178,178,178,178,209,209,209,209,209,209,209,209,209,209,209,209,209,209,209,299,299,299,299,299,299,299,299,299,299,299,299,299,299,299,299,299,299,299,299,294,294,294,294,294,294,294,294,294,294,294,294,294,294,294,294,294,294,294,294,294,330,330,330,330,330,330,330,330,330,330,330,330,330,330,330,330,330,330,330,330,330,330,330,330,330,330,330,330,330,330,330,330,330,330,330,330,330,330,330,330,330,330,330,330,357
Los Lagos,cupos totales,128,128,112,,112,77,455,1894,147,147,147,147,139,139,139,139,139,139,139,241,241,240,240,236,236,236,236,230,270,230,230,230,195,230,182,280,281,293,323,323,323,327,331,327,327,327,329,327,327,327,348,348,357,357,369,369,370,377,374,377,377,363.0,380,380,380,381,381,378,382,382,425,430,429,429,429,446,451,451,454,454,454,454,454,454,454,454,454,454,454,454,454,454,454,454,454,454,454,454,454,454,425,425,425,425,425,425,425,425,425,454,454,454,454,454,454,454,418,418,418,418,418,418,418,418,418,373,373,373,373,373,373,373,373,373,401,401,401,401,401,401,401,401,401,401,401,401,401,401,401,401,401,401,401,401,401,401,401,401,507,505,505,505,505,505,505,505,505,505,505,505,505,505,505,505,505,505,505,505,505,505,505,505,505,523,523,523,523,523,523,523,523,523,523,523,523,523,523,523,523,523,523,523,523,523,523,523,523,523,523,523,523,523,523,523,523,523,523,523,523,523,523,523,523,523,523,523
Aysén,cupos totales,48,48,31,,31,31,47,219,38,38,38,38,38,38,38,38,58,58,58,23,23,23,23,23,23,23,23,23,23,23,23,23,23,23,23,23,23,23,23,23,23,23,23,23,23,23,23,23,23,23,23,23,23,23,23,23,23,23,23,23,23,23.0,23,23,23,30,30,30,30,30,30,30,30,30,30,30,30,30,30,30,30,30,30,30,30,30,30,30,30,30,30,30,30,45,45,45,45,45,45,45,45,45,45,45,45,47,47,47,47,47,47,47,47,47,47,45,47,47,76,76,76,76,76,76,76,76,76,76,76,76,76,76,76,76,76,76,76,76,76,76,76,76,76,76,76,76,76,105,105,105,105,105,105,105,105,105,105,105,105,105,105,105,105,105,105,105,105,105,105,105,105,105,105,105,105,105,105,105,105,105,105,105,109,109,109,109,109,109,96,96,96,96,96,96,96,96,96,96,96,96,96,96,96,96,96,96,96,96,96,96,96,96,96,96,96,96,96,96,96,96,96,96,96,96,96,96
Magallanes,cupos totales,83,83,83,,83,83,190,3342,76,76,76,76,85,85,85,85,85,85,85,73,143,143,149,149,149,149,149,149,149,231,232,232,232,212,212,201,201,201,201,201,201,201,201,201,184,201,185,142,142,142,142,93,93,85,85,85,85,85,85,85,85,85.0,101,101,101,101,101,98,98,98,98,98,98,98,98,98,122,122,155,155,155,155,155,155,155,155,155,155,138,138,138,138,150,150,155,155,155,155,155,155,155,155,155,155,155,155,155,155,155,155,155,155,164,164,164,224,226,226,226,226,226,226,226,226,226,226,226,226,226,226,226,226,226,226,226,226,226,226,305,305,305,305,305,305,388,388,388,394,394,394,394,394,394,423,423,423,423,423,423,423,423,372,372,372,372,372,372,372,372,372,372,372,372,372,372,372,372,372,372,372,372,372,372,372,372,372,404,404,404,404,404,404,404,404,404,404,404,404,404,404,404,404,404,404,404,404,404,404,404,404,404,404,404,404,404,404,404,404,404,404,404,404,404,404,404,404
Arica y Parinacota,usuarios en residencia,29,29,31,,35,42,44,48,59,87,95,127,153,165,165,183,207,207,216,216,237,238,239,239,239,221,216,222,224,261,261,256,262,262,296,303,307,276,304,353,382,329,332,339,346,375,511,420,398,427,420,414,431,425,414,442,461,554,575,579,532,563.0,581,472,478,499,488,515,539,498,546,549,579,612,615,633,639,616,637,653,661,673,644,604,622,595,582,610,588,604,604,585,539,531,536,489,441,440,436,445,465,544,517,522,530,506,502,498,518,489,452,446,428,406,414,385,368,335,333,377,394,443,479,476,399,396,432,449,511,525,565,453,456,426,368,934,363,346,365,371,344,329,369,347,354,373,365,380,377,389,384,349,358,369,359,325,331,286,364,291,278,312,316,326,343,326,335,353,371,357,358,337,327,313,324,333,316,302,292,247,227,215,221,236,222,214,194,201,199,214,207,207,219,206,181,183,194,220,232,238,214,238,237,248,233,244,243,257,239,228,243,232,216,208,205,206,231,209,210,235,272,282,285,310,343,360
Tarapacá,usuarios en residencia,32,32,45,,76,85,97,111,118,131,162,164,250,310,310,326,358,381,401,401,388,376,373,374,374,433,436,409,410,406,449,475,469,442,449,436,415,402,428,452,475,493,523,535,523,550,552,554,543,535,548,534,512,501,492,466,437,410,422,453,526,538.0,585,614,553,555,571,579,576,592,601,597,571,573,529,519,517,519,496,514,522,447,507,496,502,533,531,542,499,473,476,477,501,497,568,540,545,552,531,550,550,583,535,521,505,523,581,594,629,609,592,611,641,666,693,748,695,716,715,703,777,895,993,915,1007,1026,1092,1079,1267,1286,1299,1364,1511,1375,1386,1473,1286,1318,1292,1335,1383,1484,1600,1458,1464,1426,1559,1632,1748,1778,1887,1716,1808,1898,1828,1814,1841,1775,1877,1985,1994,1371,1249,1163,1598,1652,1639,1594,1592,1537,1421,1645,1444,1557,1659,1685,1464,1653,1736,1355,1409,1430,1503,1402,1357,1465,1330,1398,1591,1639,1303,1399,1341,1152,1344,1288,1360,1598,1727,1720,1764,1648,1717,1689,1661,1590,1301,1398,1089,929,858,827,820,704,677,629,605,586,623,616,613,562,561,646,671,794
Antofagasta,usuarios en residencia,86,86,93,,94,102,103,147,143,145,145,145,149,220,220,230,193,180,184,184,171,185,209,237,250,270,255,245,230,257,261,274,273,291,284,297,237,254,258,242,247,261,271,275,308,315,345,366,375,393,369,379,383,379,367,347,350,342,351,341,316,323.0,327,331,356,405,403,397,410,419,440,475,480,446,438,420,424,437,430,427,440,400,397,363,311,320,319,300,261,262,297,333,357,391,407,385,373,384,411,403,418,424,394,328,349,334,346,319,286,262,236,247,245,256,240,235,211,261,305,304,309,332,400,392,450,461,448,453,486,496,461,415,377,372,363,401,358,339,269,290,285,285,274,269,246,214,215,190,197,214,192,185,255,274,282,305,292,283,263,255,244,261,257,291,296,218,208,196,244,287,244,229,223,213,230,228,251,227,227,214,210,214,225,235,259,222,202,201,202,189,193,169,162,179,170,171,168,166,146,148,153,161,146,187,228,234,242,231,227,235,250,250,224,232,220,244,238,274,294,279,273,277,282,295,305,340
Atacama,usuarios en residencia,34,34,32,,44,44,54,55,55,54,54,54,54,65,65,65,65,51,51,51,43,44,44,103,103,103,119,123,133,163,219,144,130,106,104,86,88,96,92,84,71,77,81,84,102,116,112,111,120,125,125,133,133,133,126,129,135,167,161,164,175,214.0,216,217,228,241,241,243,242,256,262,268,281,281,267,266,247,249,219,225,203,210,197,187,185,188,175,151,160,160,145,129,129,125,116,118,115,94,83,81,80,76,72,77,75,101,154,158,162,157,144,163,163,167,163,153,147,135,120,119,115,112,112,78,89,87,85,95,92,96,94,101,101,115,114,127,168,181,185,172,171,167,169,157,103,98,95,91,76,80,80,65,61,57,47,132,133,119,120,115,115,103,101,85,85,94,80,40,48,73,61,64,64,70,70,72,78,85,85,68,41,24,22,23,21,21,14,15,19,22,15,15,15,14,16,30,30,42,43,43,34,31,34,35,37,30,30,34,35,43,47,49,44,44,28,30,52,48,48,30,56,55,49,56,69,92
Coquimbo,usuarios en residencia,77,77,65,,87,83,102,102,102,103,104,130,130,131,131,133,133,163,174,173,163,159,153,191,194,203,190,196,212,231,204,221,243,202,198,188,151,144,152,178,175,174,189,195,225,233,236,220,232,239,242,234,235,225,218,233,270,285,278,312,299,288.0,290,297,324,329,344,342,358,309,324,299,297,313,292,275,264,254,254,270,280,269,266,268,270,268,281,297,288,286,290,298,316,327,326,312,290,252,245,232,228,212,196,197,189,178,163,190,189,177,177,168,165,174,176,177,139,128,115,108,114,111,100,87,91,91,100,106,116,116,111,109,103,96,88,79,80,92,98,84,78,78,79,78,59,45,48,39,38,43,45,44,56,65,75,71,71,74,67,72,70,68,76,77,82,77,67,74,82,91,94,88,67,88,78,68,72,64,67,67,60,75,73,83,95,115,118,119,119,125,121,119,121,138,133,122,119,133,143,145,131,143,156,155,162,136,147,141,149,130,125,114,133,119,89,83,88,96,119,123,131,136,159,156,172,171
Valparaíso,usuarios en residencia,71,71,121,,157,145,195,208,204,208,225,237,198,266,266,262,262,262,359,359,316,325,352,373,379,360,422,479,522,508,526,542,538,572,582,550,474,532,536,540,480,463,463,461,456,444,436,441,390,397,405,416,416,417,389,397,402,427,424,439,418,395.0,393,380,368,347,352,338,343,337,386,388,404,464,451,468,508,515,539,534,532,486,504,479,491,488,461,439,391,368,335,328,330,349,331,308,309,341,379,374,391,395,372,364,388,394,403,404,385,368,393,398,400,375,371,354,320,347,341,366,367,378,368,367,382,401,420,432,438,425,382,377,391,392,342,349,328,302,277,267,236,244,224,220,201,188,215,243,241,246,244,234,218,229,197,172,168,183,193,179,181,205,179,183,164,156,156,171,174,195,199,203,204,197,223,257,241,245,209,196,202,181,169,178,175,153,142,137,140,153,150,158,167,170,163,166,168,149,155,149,153,161,159,183,167,183,185,182,161,145,154,150,146,133,121,130,138,147,167,166,191,190,201,213,250,256
Metropolitana,usuarios en residencia,706,706,842,,949,1117,1150,1211,1416,1405,1375,1657,1567,1872,1872,2265,2074,2002,2063,2063,1687,1888,1949,2171,2187,2152,2184,2323,2144,2359,2306,2268,2161,2137,2074,1984,2298,2151,2084,2011,2037,2062,2111,2121,2155,2210,2097,2058,2054,1987,1955,1983,1992,1964,1852,1800,1628,1527,1474,1434,1421,1344.0,1258,1238,1216,1253,1262,1209,1144,1210,1126,1167,1146,1176,1126,1072,1041,1032,984,991,986,932,927,1000,931,986,986,1041,1043,1014,1043,1053,1039,1116,1154,1146,1115,840,807,779,781,761,771,747,725,711,710,720,758,703,682,700,725,746,730,758,686,705,696,722,772,822,838,792,769,826,845,837,847,801,792,783,761,763,864,853,798,752,749,746,721,698,695,689,550,531,403,415,411,425,389,337,342,390,476,582,584,577,558,579,591,572,576,631,516,419,431,433,429,418,427,440,421,436,442,446,444,450,461,449,426,431,452,475,492,491,872,478,504,500,537,521,534,516,536,539,588,591,599,624,631,640,641,667,666,707,674,612,579,565,496,498,477,516,509,522,615,670,700,676,772,741,753,848,860,902
O’Higgins,usuarios en residencia,0,0,1,,2,3,9,7,26,29,31,31,32,47,47,40,40,66,71,71,75,84,83,106,106,107,118,98,117,122,133,144,144,135,143,115,117,129,110,114,117,117,116,141,150,128,107,121,128,128,155,159,161,152,164,151,156,143,113,117,107,92.0,88,99,99,107,104,93,97,110,112,117,124,126,120,115,119,115,127,136,129,124,121,119,132,126,135,137,152,161,163,169,172,168,169,160,148,149,131,133,150,152,135,132,140,147,150,147,145,134,135,133,136,125,120,123,124,130,140,160,160,179,175,161,159,152,152,153,309,122,103,95,100,100,90,91,88,87,89,97,104,99,111,117,124,133,146,150,149,144,139,132,132,122,117,93,87,89,84,88,84,87,86,82,76,77,77,90,95,100,95,100,104,100,107,107,106,104,102,100,102,101,90,98,96,99,93,95,117,103,106,115,116,129,124,96,108,111,104,107,99,99,106,106,117,109,111,101,117,117,115,121,129,115,117,118,119,116,124,127,123,130,140,142,141,151
Maule,usuarios en residencia,39,39,59,,63,64,75,99,99,94,102,154,152,157,157,160,130,174,270,270,280,265,266,239,229,251,241,228,236,362,364,374,379,335,339,379,296,288,315,296,367,396,415,403,420,426,429,435,418,428,429,399,402,396,399,388,384,418,406,401,427,422.0,407,382,367,357,349,331,304,291,271,297,298,337,326,326,326,335,350,335,326,292,280,306,306,289,314,311,330,342,323,328,332,333,337,326,322,325,329,335,376,390,382,367,360,385,380,390,386,360,335,306,296,285,279,305,304,332,355,393,423,451,469,459,462,429,412,421,407,405,379,346,341,347,365,372,375,375,358,314,301,292,299,288,286,257,251,240,259,277,308,306,262,222,222,258,250,251,251,268,269,273,281,290,290,239,219,226,245,260,242,263,264,262,284,276,276,257,236,222,249,252,239,264,248,251,247,229,238,239,222,225,244,245,269,297,321,348,362,364,334,322,334,318,346,330,332,311,387,386,347,342,339,332,322,339,336,314,305,297,285,301,324,328,309,320
Ñuble,usuarios en residencia,22,22,21,,28,27,36,41,47,49,50,50,56,56,56,67,91,97,113,113,108,121,131,142,149,189,192,189,180,191,190,196,181,181,162,131,149,152,161,238,210,191,195,199,204,207,227,230,216,191,186,231,197,199,207,184,199,189,166,162,164,157.0,143,130,128,135,132,128,122,132,132,144,154,164,173,190,199,210,222,227,215,211,202,199,197,221,242,246,237,241,262,286,279,292,289,275,247,259,222,231,235,242,239,229,248,280,275,266,271,262,238,251,239,215,196,195,170,170,177,205,222,250,275,278,253,246,241,240,246,231,223,214,200,189,186,185,194,194,190,185,175,174,179,186,194,188,198,193,200,192,209,185,188,189,191,167,172,157,142,124,134,138,121,127,135,159,165,162,168,169,177,196,186,192,201,223,208,234,248,241,247,246,261,253,250,245,217,199,197,175,167,170,181,181,186,186,188,184,175,170,170,169,176,180,167,159,155,141,136,128,157,176,184,187,215,220,211,209,211,196,202,186,181,178,194,185
Biobío,usuarios en residencia,119,119,139,,135,123,179,168,158,172,196,206,240,239,239,255,335,339,376,376,357,347,352,351,405,430,399,563,551,583,577,594,581,558,483,486,337,470,467,486,475,485,512,542,554,560,557,525,510,497,532,587,590,576,591,577,571,592,595,598,588,577.0,571,579,607,603,602,596,593,579,589,595,528,655,640,615,595,611,598,603,610,602,585,587,613,633,636,663,665,652,656,670,661,662,668,646,634,617,624,636,646,652,665,644,639,642,650,651,630,583,587,575,581,556,538,531,538,569,596,626,674,726,711,712,714,758,760,760,800,786,756,704,654,632,656,695,689,695,678,659,649,676,688,681,686,660,660,668,701,709,697,679,673,665,663,668,647,640,622,619,616,629,679,724,730,699,706,739,782,798,811,791,801,841,859,832,846,869,842,825,789,764,795,814,840,827,848,834,833,832,814,816,776,775,767,763,798,770,773,801,822,807,820,849,839,850,842,812,746,728,705,666,677,681,676,697,712,730,742,743,800,812,809,825,870,883
Araucanía,usuarios en residencia,89,89,113,,130,130,138,131,164,164,195,198,212,213,213,169,182,173,201,201,201,203,203,206,206,206,206,201,211,174,186,193,185,203,227,232,222,219,239,240,241,240,229,212,206,191,194,200,229,220,189,178,181,186,190,193,175,183,184,184,174,151.0,156,149,176,190,193,190,210,218,213,216,219,230,226,238,248,289,286,277,275,256,261,258,247,238,255,250,239,223,228,260,251,245,229,215,222,208,216,294,309,316,285,308,314,269,268,278,285,282,277,261,246,225,221,220,209,212,232,249,260,258,293,300,305,300,260,239,247,249,224,222,219,221,241,259,287,286,281,285,309,310,322,309,299,300,312,333,317,300,296,304,309,305,306,284,285,271,265,275,300,335,331,323,317,308,331,341,340,331,325,306,295,299,326,330,326,340,314,292,310,337,316,316,320,301,275,286,290,286,302,327,303,284,300,312,345,340,318,316,298,310,349,313,303,290,275,249,239,257,265,262,259,257,233,242,254,260,253,256,257,236,264,314,342,330
Los Ríos,usuarios en residencia,47,47,7,,7,82,20,22,23,23,31,34,34,43,43,32,34,86,34,34,34,41,40,55,55,63,75,81,81,61,62,61,52,48,51,48,45,52,48,52,44,50,53,61,71,63,62,60,63,72,77,86,79,88,92,87,88,95,88,88,106,108.0,104,109,99,99,101,110,114,119,117,117,119,114,118,105,110,108,101,100,91,84,81,79,93,92,87,91,82,90,83,84,80,87,82,81,86,93,95,101,99,91,88,106,108,110,115,126,126,139,137,134,126,125,119,120,116,128,128,140,142,131,138,136,136,135,148,154,153,153,154,152,137,136,124,110,128,118,114,119,131,127,122,123,112,116,118,127,128,128,124,125,135,150,162,209,218,208,222,235,231,224,226,212,222,205,215,216,242,239,231,218,220,212,199,218,219,216,209,195,183,215,219,230,246,231,203,221,223,229,237,245,210,202,223,227,237,241,230,228,199,226,232,248,259,242,230,200,189,181,150,140,120,107,107,118,162,166,187,184,196,194,206,214,206,217
Los Lagos,usuarios en residencia,43,43,75,,75,14,101,83,75,75,75,88,88,86,86,84,84,97,93,93,114,116,117,120,117,114,119,117,112,122,121,118,112,110,85,91,101,107,133,142,139,136,142,153,150,153,145,156,156,158,155,143,140,144,158,163,181,179,175,165,181,185.0,187,212,217,209,221,214,208,221,200,216,217,211,209,203,201,197,189,169,167,166,170,170,152,146,145,150,151,147,144,142,141,159,164,223,222,239,240,247,239,240,262,253,219,193,205,216,219,220,208,213,213,194,188,185,196,186,175,175,172,169,177,171,163,168,178,186,195,201,210,210,204,202,219,233,233,220,207,218,225,240,246,259,254,244,236,239,233,273,265,261,260,269,264,269,273,283,259,251,249,228,232,238,234,229,221,199,212,214,235,222,223,236,249,271,273,283,296,272,283,295,287,277,301,300,281,265,279,256,262,265,252,233,234,207,233,215,229,227,199,199,223,240,252,246,235,234,230,232,223,209,209,188,177,178,187,201,205,189,196,202,210,238,267,288
Aysén,usuarios en residencia,0,0,3,,4,4,6,13,14,14,13,13,13,13,13,13,37,13,7,38,4,1,2,2,4,4,5,10,9,9,11,10,10,10,13,14,14,12,12,10,10,7,7,10,6,7,7,11,9,10,10,9,7,8,6,7,7,7,7,10,8,12.0,12,12,12,13,13,13,10,10,9,9,10,11,14,13,13,13,15,14,14,12,5,4,4,4,4,4,5,18,16,23,25,28,33,33,33,31,31,26,26,18,16,15,15,23,26,31,30,38,35,31,34,35,33,32,33,34,37,44,42,37,38,36,38,34,35,35,31,31,31,23,22,17,21,33,45,47,48,50,48,45,42,32,26,30,40,42,38,37,34,37,38,42,45,45,44,44,46,47,49,57,51,44,50,48,46,48,52,44,44,43,51,53,50,47,49,52,49,46,29,35,31,29,26,27,34,38,36,32,34,34,31,34,31,33,33,28,24,26,26,36,51,51,48,49,46,48,49,58,45,44,46,43,33,29,28,27,31,33,39,39,41,48,55,63
Magallanes,usuarios en residencia,23,23,14,,15,15,16,16,16,14,23,23,32,43,43,42,42,44,48,48,55,53,63,64,76,83,90,103,99,96,115,109,108,103,103,94,90,83,77,76,80,78,73,40,48,40,42,33,43,48,50,51,54,57,51,47,49,63,64,64,67,64.0,70,76,69,69,69,61,60,62,61,53,53,56,42,47,54,58,65,76,81,69,74,77,81,82,105,109,104,104,106,113,101,98,98,79,77,77,73,76,75,86,87,94,93,97,70,71,69,65,63,71,72,77,74,111,105,105,107,125,118,135,139,144,151,137,143,156,147,148,132,111,118,124,126,141,149,151,155,171,169,168,188,184,187,181,154,132,139,168,156,157,167,145,158,147,169,162,156,156,161,190,181,185,170,175,164,174,169,163,160,136,140,160,111,141,141,178,184,191,195,192,200,196,191,188,178,169,164,154,156,164,151,148,152,142,140,139,147,154,146,141,136,134,132,121,163,158,177,169,172,155,146,141,150,146,134,124,124,127,141,147,153,171,182,203
Arica y Parinacota,residencias,1,1,1,,1,1,3,3,4,4,4,4,3,4,4,4,4,5,5,5,6,6,6,6,6,6,8,8,8,10,10,10,10,10,11,12,12,10,10,11,11,10,10,10,10,10,14,12,12,12,12,12,12,12,12,12,12,14,14,14,14,14.0,14,12,12,12,12,12,12,12,12,12,12,12,13,13,13,13,13,14,14,14,14,14,14,14,13,13,13,13,13,13,13,13,13,13,13,13,13,13,13,13,13,13,13,13,13,13,13,13,13,12,12,12,12,12,12,12,12,13,13,13,13,13,13,13,13,13,13,13,13,11,10,10,10,10,10,10,10,10,10,10,10,10,9,9,9,9,9,9,9,9,9,9,9,9,9,9,9,9,9,9,9,7,7,7,7,7,7,7,7,7,7,7,7,7,7,7,7,7,7,6,6,6,6,6,6,6,6,6,6,6,6,6,6,6,6,6,6,6,6,6,6,6,6,6,6,6,6,6,6,6,6,6,6,6,6,6,6,6,6,6,6,6,6,6
Tarapacá,residencias,2,2,4,,4,4,8,8,10,10,10,10,8,10,10,10,10,10,10,10,10,10,11,11,11,11,11,11,10,10,10,10,10,10,11,11,11,11,11,11,11,11,11,11,11,11,11,11,11,11,11,11,11,11,11,11,11,11,11,11,11,11.0,11,11,11,10,10,10,10,10,10,10,10,10,10,10,10,10,10,9,9,9,8,8,8,8,8,8,8,8,8,8,8,8,8,8,8,8,8,9,9,9,9,9,9,9,9,9,9,9,9,9,9,9,9,10,10,10,10,10,11,10,10,10,10,10,10,10,10,10,10,10,10,10,10,10,10,10,10,10,11,11,11,11,11,11,11,11,11,11,11,11,11,11,11,12,13,13,13,14,14,14,14,14,13,13,13,14,14,14,14,14,13,13,13,13,13,13,13,13,13,13,13,13,13,13,13,13,13,13,13,13,13,13,13,13,13,13,13,13,13,13,13,13,13,13,13,13,13,13,13,13,13,13,13,13,13,13,12,12,12,12,11,11,11,11
Antofagasta,residencias,3,3,3,,3,3,4,4,4,4,4,4,5,7,7,7,7,6,6,6,6,6,6,6,6,6,6,6,6,8,8,8,8,9,9,9,10,10,10,9,9,10,10,10,10,11,12,12,12,12,12,12,12,13,13,13,13,13,13,13,13,13.0,14,14,14,14,14,14,14,14,14,14,14,14,14,14,14,14,14,14,14,14,14,14,14,14,14,14,14,14,14,14,14,14,13,13,12,12,12,12,12,12,12,12,12,12,12,12,12,12,12,12,12,12,12,12,12,12,12,12,12,12,12,12,12,12,9,9,9,9,9,9,9,9,9,9,9,9,9,9,9,9,9,9,9,9,9,9,9,9,9,9,9,9,9,9,9,9,9,9,9,9,9,9,9,9,9,9,9,9,9,8,8,8,8,8,8,8,8,8,8,7,7,7,7,7,7,7,7,7,7,7,7,7,7,7,7,7,7,7,7,7,7,7,7,7,7,7,7,7,7,7,7,7,7,7,7,7,7,7,7,7,7,8,8,9
Atacama,residencias,2,2,2,,2,2,2,2,2,2,2,2,2,2,2,2,2,4,4,3,6,3,5,6,6,6,6,6,6,6,6,6,6,6,6,6,6,6,4,3,3,3,4,4,4,4,4,4,4,4,4,4,4,4,4,4,4,4,4,4,4,4.0,4,4,4,4,4,4,4,4,4,4,4,4,4,4,4,4,4,4,4,4,4,4,4,4,4,4,4,4,4,4,4,4,4,4,4,4,4,4,4,4,4,4,4,4,4,4,4,4,4,4,4,4,4,4,4,4,4,4,4,4,4,4,4,4,4,4,4,4,4,4,4,4,4,4,4,4,4,4,4,4,4,4,4,4,4,4,4,4,4,4,4,4,4,4,4,4,4,4,4,4,4,4,4,4,4,4,4,4,4,4,2,2,2,2,2,2,2,2,2,2,2,2,2,2,2,2,2,2,2,2,2,2,2,2,2,2,2,2,2,2,2,2,2,2,2,2,2,2,2,2,2,2,2,2,2,2,2,2,2,2,2,2,2,2
Coquimbo,residencias,6,6,6,,6,6,8,8,6,6,6,6,6,9,9,9,9,10,10,8,8,8,8,8,8,8,8,8,10,8,8,8,8,8,8,8,8,8,8,8,8,8,8,8,9,9,9,9,10,10,10,10,10,11,11,11,11,11,11,11,11,11.0,11,11,11,11,11,11,11,11,11,11,11,11,11,11,11,11,11,11,11,11,11,10,10,10,10,10,10,10,10,10,10,10,10,10,10,10,10,10,10,10,10,10,10,10,10,10,10,10,10,10,10,10,10,10,10,10,10,10,10,10,10,10,10,9,9,9,9,9,9,9,9,8,8,8,8,8,8,8,8,8,8,8,8,8,8,7,6,6,5,5,5,5,5,5,5,5,5,5,5,5,5,4,4,4,4,4,4,4,4,4,4,4,4,4,4,4,4,4,4,4,4,4,4,4,4,4,4,4,4,4,4,4,4,4,4,4,4,4,4,4,4,4,4,5,5,5,5,5,5,5,5,5,5,5,5,5,5,5,5,5,5,5,5,5
Valparaíso,residencias,7,7,8,,8,8,19,19,19,19,19,19,19,7,7,7,7,9,9,12,11,10,10,10,10,10,12,12,12,12,12,12,12,12,12,12,11,11,11,11,11,11,11,11,11,11,11,11,11,11,11,11,11,11,11,11,11,11,11,11,11,11.0,11,11,11,11,11,11,11,11,11,9,9,9,9,9,9,9,9,9,9,9,9,9,9,9,9,9,9,9,9,9,9,9,9,9,9,9,9,9,9,9,9,9,9,9,9,9,9,9,9,9,9,9,9,9,9,9,9,10,9,9,9,9,9,9,9,9,9,9,9,9,9,9,9,9,9,9,9,9,9,9,9,9,9,9,9,9,9,9,9,9,9,9,9,9,7,7,7,7,7,7,7,7,7,7,7,7,7,7,7,7,7,7,7,7,7,7,7,7,7,7,7,6,6,6,6,6,6,6,6,6,6,6,6,6,6,6,6,6,6,6,6,6,6,6,6,6,6,6,6,6,6,6,6,6,6,6,6,6,6,6,6,6,6,6
Metropolitana,residencias,32,32,31,,30,31,38,38,38,38,38,38,37,37,37,37,37,34,34,36,35,33,33,32,32,32,32,32,33,34,34,34,34,34,33,33,34,34,34,34,34,35,35,35,35,35,35,35,34,34,34,34,34,34,34,34,34,34,33,31,29,28.0,27,26,26,25,25,25,25,25,25,25,25,25,25,25,25,24,24,24,24,24,24,24,24,24,24,24,24,24,24,24,24,22,22,21,21,21,21,20,20,20,20,20,20,20,20,20,20,20,20,20,20,20,20,20,20,20,20,20,20,20,20,20,18,16,16,16,16,16,16,17,15,15,15,15,15,15,15,15,15,15,15,15,15,15,15,15,15,15,15,14,14,14,14,14,14,14,14,14,14,14,14,14,14,14,14,14,14,14,14,14,14,14,14,14,14,14,14,14,14,14,14,14,14,14,12,11,11,10,10,10,10,10,10,10,10,10,10,10,10,10,10,10,10,10,10,10,10,10,10,10,10,10,10,10,10,10,10,10,10,10,10,10,10,10
O’Higgins,residencias,2,2,2,,2,2,3,2,3,3,3,3,3,7,7,7,7,5,5,5,4,4,4,4,4,4,4,4,4,4,5,5,5,5,5,5,5,5,5,2,3,3,4,4,4,4,4,4,4,4,4,4,4,4,4,4,4,4,4,4,4,4.0,4,4,4,4,4,4,4,4,4,4,4,4,4,4,4,4,4,4,4,4,4,5,5,5,5,5,5,5,5,5,5,5,5,5,5,5,5,5,5,5,5,5,5,5,5,5,5,5,5,5,5,5,5,5,5,5,5,5,6,6,6,6,6,6,6,6,6,6,6,6,6,6,6,6,6,6,6,7,7,6,6,6,6,6,6,6,6,6,6,6,6,6,6,6,6,6,6,6,6,6,6,6,6,6,6,6,6,6,6,6,6,6,6,6,6,6,5,5,5,5,5,5,5,5,4,5,5,5,5,5,5,5,5,5,5,5,5,5,5,5,5,5,5,5,5,5,5,5,5,5,5,5,5,5,5,5,5,5,5,5,5,5,5,5
Maule,residencias,2,2,3,,4,4,5,5,10,10,10,10,7,7,7,7,7,8,8,9,9,8,9,10,10,10,10,10,10,10,10,10,10,10,10,10,10,11,11,10,12,12,12,12,12,12,12,13,13,13,13,13,13,13,13,14,14,14,14,14,14,14.0,14,14,14,14,14,15,15,15,15,15,15,15,14,14,14,14,15,14,14,14,14,14,14,14,14,14,14,14,14,14,14,14,14,14,14,14,14,14,14,14,14,14,14,14,14,14,14,14,14,14,15,15,15,14,15,15,15,15,15,15,15,15,15,15,15,15,15,15,15,15,15,15,15,15,15,15,15,15,15,15,15,15,15,15,15,15,15,15,15,15,15,15,15,15,15,15,15,15,15,15,15,15,15,15,15,15,15,15,14,14,14,14,14,14,14,14,14,14,14,14,14,14,14,14,14,14,14,14,14,14,14,14,14,14,15,15,15,15,15,15,15,15,15,15,15,15,15,15,15,15,15,15,15,15,15,15,15,15,15,15,15,15,15,15
Ñuble,residencias,2,2,2,,2,2,3,3,3,3,3,3,4,5,5,5,5,5,5,5,5,5,5,5,5,5,5,5,6,6,6,6,6,6,6,6,6,6,6,7,5,5,5,6,6,6,6,6,6,6,6,6,7,7,7,7,7,7,7,7,7,7.0,7,7,7,7,7,7,7,7,7,7,7,7,7,7,7,7,7,7,7,7,7,7,7,7,7,7,7,7,7,7,7,7,7,7,7,8,8,8,8,8,8,8,8,8,8,8,8,8,8,9,9,9,9,9,9,9,9,9,9,9,9,9,9,9,9,9,9,9,9,9,9,9,9,9,9,9,9,9,9,9,9,9,9,9,9,9,9,9,9,9,9,9,9,9,9,9,9,9,9,9,9,9,9,9,9,9,9,9,9,9,9,9,9,9,9,9,9,9,9,9,9,9,9,9,10,9,9,9,9,9,9,9,9,9,9,9,9,9,9,9,9,9,9,9,9,9,9,9,9,9,9,9,9,9,9,9,9,9,9,9,9,9,9,9
Biobío,residencias,5,5,7,,9,9,15,15,10,10,10,10,12,12,12,12,12,12,12,12,12,12,13,14,14,14,13,13,16,16,17,16,17,17,17,17,16,15,15,15,16,17,17,17,17,17,16,14,14,14,15,15,15,15,15,15,15,15,16,16,16,16.0,16,16,16,15,16,16,16,16,16,16,15,16,16,16,16,16,16,15,15,15,15,15,15,15,15,15,15,15,15,15,15,15,15,15,15,15,15,15,15,15,15,15,15,15,15,15,15,16,16,16,16,16,16,16,16,16,16,16,16,16,16,16,16,16,16,16,16,16,16,17,17,17,17,17,17,17,17,17,17,17,17,17,17,17,17,17,17,17,17,17,17,17,17,17,17,17,17,17,17,17,17,17,17,17,17,17,17,17,17,17,17,17,17,17,17,17,17,17,17,17,17,17,17,17,17,17,17,17,17,17,17,17,17,17,17,17,17,17,17,17,17,17,17,17,17,17,17,17,17,17,17,17,17,17,17,17,17,17,17,17,17,17,17,17
Araucanía,residencias,2,2,2,,3,3,3,3,3,3,3,3,4,5,5,5,5,4,4,5,6,6,6,6,6,6,6,6,6,4,4,4,4,4,5,5,6,6,6,6,6,6,6,6,6,6,6,6,6,6,5,5,5,5,5,5,5,5,5,5,5,5.0,5,5,5,5,5,5,5,5,5,5,5,5,6,5,6,6,6,6,6,6,6,6,6,6,6,6,6,6,6,6,6,6,6,6,6,6,6,6,6,6,6,6,6,6,6,6,6,6,6,6,6,6,6,6,6,6,6,6,7,7,7,7,7,7,7,7,7,7,7,7,7,7,7,7,7,7,7,7,7,7,7,7,7,7,7,7,7,7,7,7,7,7,7,7,7,8,8,8,8,8,8,8,8,8,8,8,8,8,8,8,8,8,8,8,8,8,8,8,8,8,8,8,8,8,8,9,9,9,9,9,9,9,9,9,9,9,9,9,9,9,9,9,9,9,9,9,9,9,9,9,9,9,9,9,9,9,8,8,8,8,8,8,8,8
Los Ríos,residencias,6,6,5,,4,6,10,4,4,4,4,4,4,4,4,4,4,4,4,4,4,4,4,4,4,4,4,4,4,3,3,3,3,3,3,3,3,3,3,3,3,3,3,3,3,3,3,3,3,3,3,3,3,3,3,3,3,3,3,3,3,3.0,3,3,4,4,4,4,4,4,4,4,4,4,4,4,4,4,4,4,4,4,5,5,5,5,5,5,5,5,5,5,5,5,5,5,4,4,4,4,4,4,4,4,4,4,4,4,4,4,4,4,4,4,4,4,4,4,4,4,4,4,4,4,4,5,5,5,5,5,5,5,5,5,5,5,5,5,5,5,6,6,6,6,6,6,6,6,6,6,6,6,6,6,6,6,6,6,6,6,6,6,6,6,6,6,6,6,6,6,6,6,6,6,6,6,6,6,6,6,6,7,7,7,7,7,7,7,7,7,7,7,7,7,7,7,7,7,7,7,7,7,7,7,7,7,7,7,7,7,7,7,7,7,7,7,7,7,7,7,7,7,7,7,7,8
Los Lagos,residencias,5,5,6,,6,4,6,6,6,6,6,6,6,6,6,6,6,6,6,7,7,7,6,6,6,6,6,6,7,6,6,6,6,6,5,6,6,6,7,7,7,7,7,7,7,7,7,7,7,7,8,8,8,8,9,9,9,9,9,9,9,8.0,9,9,9,9,9,9,9,9,10,10,10,10,10,11,11,11,11,11,11,11,11,11,11,11,11,11,11,11,11,11,11,11,11,11,11,11,11,11,10,10,10,10,10,10,10,10,10,11,11,11,11,11,11,11,10,10,10,10,10,10,10,10,10,9,9,9,9,9,9,9,9,9,10,10,10,10,10,10,10,10,10,10,10,10,10,10,10,10,10,10,10,10,10,10,10,10,11,11,11,11,11,11,11,11,11,11,11,11,11,11,11,11,11,11,11,11,11,11,11,11,11,12,12,12,12,12,12,12,12,12,12,12,12,12,12,12,12,12,12,12,12,12,12,12,12,12,12,12,12,12,12,12,12,12,12,12,12,12,12,12,12,12,12,12
Aysén,residencias,3,3,3,,3,3,3,3,3,3,3,3,3,3,3,3,3,3,3,2,2,2,2,2,2,2,2,2,2,2,2,2,2,2,2,2,2,2,2,2,2,2,2,2,2,2,2,2,2,2,2,2,2,2,2,2,2,2,2,2,2,2.0,2,2,2,2,2,2,2,2,2,2,2,2,2,2,2,2,2,2,2,2,2,2,2,2,2,2,2,2,2,2,2,3,3,3,3,3,3,3,3,3,3,3,3,3,3,3,3,3,3,3,3,3,3,3,3,3,4,4,4,4,4,4,4,4,4,4,4,4,4,4,4,4,4,4,4,4,4,4,4,4,4,4,4,4,4,5,5,5,5,5,5,5,5,5,5,5,5,5,5,5,5,5,5,5,5,5,5,5,5,5,5,5,5,5,5,5,5,5,5,5,5,5,5,5,5,5,4,4,4,4,4,4,4,4,4,4,4,4,4,4,4,4,4,4,4,4,4,4,4,4,4,4,4,4,4,4,4,4,4,4,4,4,4,4
Magallanes,residencias,5,5,5,,5,5,6,6,5,5,5,5,6,6,6,6,6,6,6,8,8,7,8,8,8,8,8,8,8,10,10,10,10,9,9,8,8,8,8,8,8,8,8,8,8,8,8,8,8,8,8,7,7,6,6,6,6,6,6,6,6,6.0,8,8,8,8,8,8,8,8,8,8,8,8,8,8,9,9,9,9,9,9,9,9,9,9,9,9,9,9,9,9,9,9,9,9,9,9,9,9,9,9,9,9,9,9,9,9,9,9,9,9,9,9,9,11,11,11,11,11,11,11,11,11,11,11,11,11,11,11,11,11,11,11,11,11,11,11,12,12,12,12,12,12,13,13,13,13,13,13,13,13,13,13,13,13,13,13,13,13,13,12,12,12,12,12,12,12,12,12,12,12,12,12,12,12,12,12,12,12,12,12,12,12,12,12,12,12,12,12,12,12,12,12,12,12,12,12,12,12,12,12,12,12,12,12,12,12,12,12,12,12,12,12,12,12,12,12,12,12,12,12,12,12,12,12
