Egresos semanales,2020-06-26,2020-06-27,2020-06-28,2020-06-29,2020-06-30,2020-07-01,2020-07-02,2020-07-03,2020-07-04,2020-07-05,2020-07-06,2020-07-07,2020-07-08,2020-07-09,2020-07-10,2020-07-11,2020-07-12,2020-07-13,2020-07-14,2020-07-15,2020-07-16,2020-07-17,2020-07-18,2020-07-19,2020-07-20,2020-07-21,2020-07-22,2020-07-23,2020-07-24,2020-07-25,2020-07-26,2020-07-27,2020-07-28,2020-07-29,2020-07-30,2020-07-31,2020-08-01,2020-08-02,2020-08-03,2020-08-04,2020-08-05,2020-08-06,2020-08-07,2020-08-08,2020-08-09,2020-08-10,2020-08-11,2020-08-12,2020-08-13,2020-08-14,2020-08-15,2020-08-16,2020-08-17,2020-08-18,2020-08-19,2020-08-20,2020-08-21,2020-08-22,2020-08-23,2020-08-24,2020-08-25,2020-08-26,2020-08-27,2020-08-28,2020-08-29,2020-08-30,2020-08-31,2020-09-01,2020-09-02,2020-09-03,2020-09-04,2020-09-05,2020-09-06,2020-09-07,2020-09-08,2020-09-09,2020-09-10,2020-09-11,2020-09-12,2020-09-13,2020-09-14,2020-09-15,2020-09-16,2020-09-17,2020-09-18,2020-09-19,2020-09-20,2020-09-21,2020-09-22,2020-09-23,2020-09-24,2020-09-25,2020-09-26,2020-09-27,2020-09-28,2020-09-29,2020-09-30,2020-10-01,2020-10-02,2020-10-03,2020-10-04,2020-10-05,2020-10-06,2020-10-07,2020-10-08,2020-10-09,2020-10-10,2020-10-11,2020-10-12,2020-10-13,2020-10-14,2020-10-15,2020-10-16,2020-10-17,2020-10-18,2020-10-19,2020-10-20,2020-10-21,2020-10-22,2020-10-23,2020-10-24,2020-10-25,2020-10-26,2020-10-27,2020-10-28,2020-10-29,2020-10-30,2020-10-31,2020-11-01,2020-11-02,2020-11-03,2020-11-04,2020-11-05,2020-11-06,2020-11-07,2020-11-08,2020-11-09,2020-11-10,2020-11-11,2020-11-12,2020-11-13,2020-11-14,2020-11-15,2020-11-16,2020-11-17,2020-11-18,2020-11-19,2020-11-20,2020-11-21,2020-11-22,2020-11-23,2020-11-24,2020-11-25,2020-11-26,2020-11-27,2020-11-28,2020-11-29,2020-11-30,2020-12-01,2020-12-02,2020-12-03,2020-12-04,2020-12-05,2020-12-06,2020-12-07,2020-12-08,2020-12-09,2020-12-10,2020-12-11,2020-12-12,2020-12-13,2020-12-14,2020-12-15,2020-12-16,2020-12-17,2020-12-18,2020-12-19,2020-12-20,2020-12-21,2020-12-22,2020-12-23,2020-12-24,2020-12-25,2020-12-26,2020-12-27,2020-12-28,2020-12-29,2020-12-30,2020-12-31,2021-01-01,2021-01-02,2021-01-03,2021-01-04,2021-01-05,2021-01-06,2021-01-07,2021-01-08,2021-01-09
S03-04_03-08,4,4,4,4,4,4,4,4,4,4,4,4,4,4,4,4,4,4,4,4,4,4,4,4,4,4,4,4,4,4,4,4,4,4,4,4,4,4,4,4,4,4,4,4,4,4,4,4,4,4,4,4,4,4,4,4,4,4,4,4,4,4,4,4,4,4,4,4,4,4,4,4,4,4,4,4,4,4,4,4,4,4,4,4,4,4,4,4,4,4,4,4,4,4,4,4,4,4,4,4,4,4,4,4,4,4,4,4,4,4,4,4,4,4,4,4,4,4,4,4,4,4,4,4,4,4,4,4,4,4,4,4,4,4,4,4,4,4,4,4,4,4,4,4,4,4,4,4,4,4,4,4,4,4,4,4,4,4,4,4,4,4,4,4,4,4,4,4,4,4,4,4,4,4,4,4,4,4,4,4,4,4,4,4,4,4,4,4,4,4,4,4,4,4,4,4,4,4
S03-09_03-15,13,13,13,13,13,13,13,13,13,13,13,13,13,13,13,13,13,13,13,13,13,13,13,13,13,13,13,13,13,13,13,13,13,13,13,13,13,13,13,13,13,13,13,13,13,13,13,13,13,13,13,13,13,13,13,13,13,13,13,13,13,13,13,13,13,13,13,13,13,13,13,13,13,13,13,13,13,13,13,13,13,13,13,13,13,13,13,13,13,13,13,13,13,13,13,13,13,13,13,13,13,13,13,13,13,13,13,13,13,13,13,13,13,13,13,13,13,13,13,13,13,13,13,13,13,13,13,13,13,13,13,13,13,13,13,13,13,13,13,13,13,13,13,13,13,13,13,13,13,13,13,13,13,13,13,13,13,13,13,13,13,13,13,13,13,13,13,13,13,13,13,13,13,13,13,13,13,13,13,13,13,13,13,13,13,13,13,13,13,13,13,13,13,13,13,13,13,13
S03-16_03-22,17,17,17,17,17,17,17,17,17,17,17,17,17,17,17,17,17,17,17,17,17,17,17,17,17,17,17,17,17,17,17,17,17,17,17,17,17,17,17,17,17,17,17,17,17,17,17,17,17,17,17,17,17,17,17,17,17,17,17,17,17,17,17,17,17,17,17,17,17,17,17,17,17,17,17,17,17,17,17,17,17,17,17,17,17,17,17,17,17,17,17,17,17,17,17,17,17,17,17,17,17,17,17,17,17,17,17,17,17,17,17,17,17,17,17,17,17,17,17,17,17,17,17,17,17,17,17,17,17,17,17,17,17,17,17,17,17,17,17,17,17,17,17,17,17,17,17,17,17,17,17,17,17,17,17,17,17,17,17,17,17,17,17,17,17,17,17,17,17,17,17,17,17,17,17,17,17,17,17,17,17,17,17,17,17,17,17,17,17,17,17,17,17,17,17,17,17,17
S03-23_03-29,82,82,82,82,82,82,82,82,82,82,82,82,82,82,82,82,82,82,82,82,82,82,82,82,82,82,82,82,82,82,82,82,82,82,82,82,82,82,82,82,82,82,82,82,82,82,82,82,82,82,82,82,82,82,82,82,82,82,82,82,82,82,82,82,82,82,82,82,82,82,82,82,82,82,82,82,82,82,82,82,82,82,82,82,82,82,82,82,82,82,82,82,82,82,82,82,82,82,82,82,82,82,82,82,82,82,82,82,82,82,82,82,82,82,82,82,82,82,82,82,82,82,82,82,82,82,82,82,82,82,82,82,82,82,82,82,82,82,82,82,82,82,82,82,82,82,82,82,82,82,82,82,82,82,82,82,82,82,82,82,82,82,82,82,82,82,82,82,82,82,82,82,82,82,82,82,82,82,82,82,82,82,82,82,82,82,82,82,82,82,82,82,82,82,82,82,82,82
S03-30_04-05,234,234,234,234,234,234,234,234,234,234,234,234,234,234,234,234,234,234,234,234,234,234,234,234,234,234,234,234,234,234,234,234,234,234,234,234,234,234,234,234,234,234,234,234,234,234,234,234,234,234,234,234,234,234,234,234,234,234,234,234,234,234,234,234,234,234,234,234,234,234,234,234,234,234,234,234,234,234,234,234,234,234,234,234,234,234,234,234,234,234,234,234,234,234,234,234,234,234,234,234,234,234,234,234,234,234,234,234,234,234,234,234,234,234,234,234,234,234,234,234,234,234,234,234,234,234,234,236,236,236,236,236,236,236,236,236,236,236,236,236,236,236,236,236,236,236,236,236,236,236,236,236,236,236,236,236,236,236,236,236,236,236,236,236,236,236,236,236,236,236,236,236,236,236,236,236,236,236,236,236,236,236,236,236,236,236,236,236,236,236,236,236,236,236,236,236,236,236
S04-06_04-12,306,306,306,306,306,306,306,306,306,306,306,306,306,306,306,306,306,306,306,306,306,306,306,306,306,306,306,306,306,306,306,306,306,306,306,306,306,306,306,306,306,306,306,306,306,306,306,306,306,306,306,306,306,306,306,306,306,306,306,306,306,306,306,306,306,306,306,306,306,306,306,306,306,306,306,306,306,306,306,306,306,306,306,306,306,306,306,306,306,306,306,306,306,306,306,306,306,306,306,306,306,306,306,306,306,306,306,306,306,306,306,306,306,306,306,306,306,306,306,306,306,306,306,306,306,306,306,305,305,305,305,305,305,305,305,305,305,305,305,305,305,305,305,305,305,305,305,305,305,305,305,305,305,305,305,305,305,305,305,305,305,305,305,305,305,305,305,305,305,305,305,305,305,305,305,305,305,305,305,305,305,305,305,305,305,305,305,305,305,305,305,305,305,305,305,305,305,305
S04-13_04-19,383,383,383,383,383,383,383,383,383,383,383,383,383,383,383,383,383,383,383,383,383,383,383,383,383,383,383,383,383,383,383,383,383,383,383,383,383,383,383,383,383,383,383,383,383,383,383,383,383,383,383,383,383,383,383,383,383,383,383,383,383,383,383,383,383,383,383,383,383,383,383,383,383,383,383,383,383,383,383,383,383,383,383,383,383,383,383,383,383,383,383,383,383,383,383,383,383,383,383,383,383,383,383,383,383,383,383,383,383,383,383,383,383,383,383,383,383,383,383,383,383,383,383,383,383,383,383,383,383,383,383,383,383,383,383,383,383,383,383,383,383,383,383,383,383,383,383,383,383,383,383,383,383,383,383,383,383,383,383,383,383,383,383,383,383,383,383,383,383,383,383,383,383,383,383,383,383,383,383,383,383,383,383,383,383,383,383,383,383,383,383,383,383,383,383,383,383,383
S04-20_04-26,408,408,408,408,408,408,408,408,408,408,408,408,408,408,408,408,408,408,408,408,408,408,408,408,408,408,408,408,408,408,408,408,408,408,408,408,408,408,408,408,408,408,408,408,408,408,408,408,408,408,408,408,408,408,408,408,408,408,408,408,408,408,408,408,408,408,408,408,408,408,408,408,408,408,408,408,408,408,408,408,408,408,408,408,408,408,408,408,408,408,408,408,408,408,408,408,408,408,408,408,408,408,408,408,408,408,408,408,408,408,408,408,408,408,408,408,408,408,408,408,408,408,408,408,408,408,408,410,410,410,410,410,410,410,410,410,409,409,409,409,409,409,409,409,409,409,409,409,409,409,409,409,409,409,409,409,409,409,409,409,409,409,409,409,411,411,411,411,411,411,411,411,411,411,411,411,411,411,411,411,411,411,411,411,411,411,411,411,411,411,411,411,411,411,411,411,411,411
S04-27_05-03,459,459,459,459,459,459,459,459,459,459,459,459,459,459,459,459,459,459,459,459,459,459,459,459,459,459,459,459,459,459,459,459,459,459,459,459,459,459,459,459,459,459,459,459,459,459,459,459,459,459,459,459,459,459,459,459,459,459,459,459,459,459,459,459,459,459,459,459,459,459,459,459,459,459,459,459,459,459,459,459,459,459,459,459,459,459,459,459,459,459,459,459,459,459,459,459,459,459,459,459,459,459,459,459,459,459,459,459,459,459,459,459,459,459,459,459,459,459,459,459,459,459,459,459,459,459,459,463,463,463,463,463,463,463,463,463,464,464,464,464,464,464,464,464,464,464,464,464,464,464,464,464,464,464,464,464,464,464,464,464,464,464,464,464,464,464,464,464,464,464,464,464,464,464,464,464,464,464,464,464,464,464,464,464,464,464,464,464,464,464,464,464,464,464,464,464,464,464
S05-04_05-10,670,670,670,670,670,673,673,673,673,673,673,673,673,673,673,673,673,673,673,673,673,673,673,673,673,673,673,673,673,673,673,673,673,673,673,673,673,673,673,673,673,673,673,673,673,673,673,673,673,673,673,673,673,673,673,673,673,673,673,673,673,673,673,673,673,673,673,673,673,673,673,673,673,673,673,673,673,673,673,673,673,673,673,673,673,673,673,673,673,673,673,673,673,673,673,673,673,673,673,673,673,673,673,673,673,673,673,673,673,673,673,673,673,673,673,673,673,673,673,673,673,673,673,673,673,673,673,684,684,684,684,684,684,684,684,684,685,685,685,685,685,685,685,685,685,685,685,685,685,685,685,685,685,685,685,685,685,685,685,685,685,685,685,685,685,685,685,685,685,685,685,685,685,685,685,685,685,685,685,685,685,685,685,685,685,685,685,685,685,685,685,685,685,685,685,685,685,685
S05-11_05-17,1000,1000,1000,1000,1000,1007,1007,1007,1007,1007,1007,1007,1007,1007,1007,1007,1007,1007,1007,1007,1007,1007,1007,1007,1007,1007,1007,1007,1007,1007,1007,1007,1007,1007,1007,1007,1007,1007,1007,1007,1007,1007,1007,1007,1007,1007,1007,1007,1007,1007,1007,1007,1007,1007,1007,1007,1007,1007,1007,1007,1007,1007,1007,1007,1007,1007,1007,1007,1007,1007,1007,1007,1007,1007,1007,1007,1007,1007,1007,1007,1007,1007,1007,1007,1007,1007,1007,1007,1007,1007,1007,1007,1007,1007,1007,1007,1007,1007,1007,1007,1007,1007,1007,1007,1007,1007,1007,1007,1007,1007,1007,1007,1007,1007,1007,1007,1007,1007,1007,1007,1007,1007,1007,1007,1007,1007,1007,1072,1072,1072,1072,1072,1072,1072,1072,1072,1084,1084,1084,1084,1084,1084,1084,1084,1084,1084,1084,1084,1084,1084,1084,1084,1084,1084,1084,1084,1084,1085,1085,1085,1085,1085,1085,1085,1085,1085,1085,1085,1085,1085,1085,1085,1085,1085,1085,1085,1085,1085,1085,1085,1085,1085,1085,1085,1085,1085,1085,1085,1085,1085,1085,1085,1085,1085,1085,1085,1085,1085
S05-18_05-24,1635,1647,1647,1647,1647,1662,1662,1662,1662,1662,1662,1662,1662,1662,1662,1662,1662,1662,1662,1662,1662,1662,1662,1662,1662,1662,1662,1662,1662,1662,1662,1662,1662,1662,1662,1662,1662,1662,1662,1662,1662,1662,1662,1662,1662,1662,1662,1662,1662,1662,1662,1662,1662,1662,1662,1662,1662,1662,1662,1662,1662,1662,1662,1662,1662,1662,1662,1662,1662,1662,1662,1662,1662,1662,1662,1662,1662,1662,1662,1662,1662,1662,1662,1662,1662,1662,1662,1662,1662,1662,1662,1662,1662,1662,1662,1662,1662,1662,1662,1662,1662,1662,1662,1662,1662,1662,1662,1662,1662,1662,1662,1662,1662,1662,1662,1662,1662,1662,1662,1662,1662,1662,1662,1662,1662,1662,1662,1747,1747,1748,1748,1748,1748,1748,1748,1748,1769,1769,1769,1769,1769,1769,1769,1769,1769,1769,1769,1769,1769,1769,1771,1771,1771,1771,1771,1771,1771,1771,1771,1771,1771,1771,1771,1771,1772,1772,1772,1772,1772,1772,1772,1772,1772,1772,1772,1772,1772,1772,1772,1772,1772,1772,1772,1772,1772,1772,1772,1772,1772,1772,1772,1772,1772,1772,1772,1772,1772,1772
S05-25_05-31,2147,2189,2189,2189,2189,2209,2209,2209,2209,2209,2209,2209,2209,2209,2209,2209,2209,2209,2209,2209,2209,2209,2209,2209,2209,2209,2209,2209,2209,2209,2209,2209,2209,2209,2209,2209,2209,2209,2209,2209,2209,2209,2209,2209,2209,2209,2209,2209,2209,2209,2209,2209,2209,2209,2209,2209,2209,2209,2209,2209,2209,2209,2209,2209,2209,2209,2209,2209,2209,2209,2209,2209,2209,2209,2209,2209,2209,2209,2209,2209,2209,2209,2209,2209,2209,2209,2209,2209,2209,2209,2209,2209,2209,2209,2209,2209,2209,2209,2209,2209,2209,2209,2209,2209,2209,2209,2209,2209,2209,2209,2209,2209,2209,2209,2209,2209,2209,2209,2209,2209,2209,2209,2209,2209,2209,2209,2209,2375,2375,2375,2375,2375,2375,2375,2375,2375,2394,2394,2394,2394,2394,2394,2394,2394,2394,2394,2394,2394,2394,2394,2395,2395,2395,2395,2395,2395,2395,2395,2395,2395,2395,2395,2395,2395,2395,2395,2395,2395,2395,2395,2395,2395,2395,2395,2395,2395,2395,2395,2395,2395,2395,2395,2395,2395,2395,2396,2396,2396,2396,2396,2396,2396,2396,2396,2396,2396,2396,2396
S06-01_06-07,2189,2266,2266,2266,2266,2324,2324,2324,2324,2324,2324,2324,2324,2324,2324,2324,2324,2324,2324,2324,2324,2324,2324,2324,2324,2324,2324,2324,2324,2324,2324,2324,2324,2324,2324,2324,2324,2324,2324,2324,2324,2324,2324,2324,2324,2324,2324,2324,2324,2324,2324,2324,2324,2324,2324,2324,2324,2324,2324,2324,2324,2324,2324,2324,2324,2324,2324,2324,2324,2324,2324,2324,2324,2324,2324,2324,2324,2324,2324,2324,2324,2324,2324,2324,2324,2324,2324,2324,2324,2324,2324,2324,2324,2324,2324,2324,2324,2324,2324,2324,2324,2324,2324,2324,2324,2324,2324,2324,2324,2324,2324,2324,2324,2324,2324,2324,2324,2324,2324,2324,2324,2324,2324,2324,2324,2324,2324,2647,2647,2647,2647,2647,2647,2647,2647,2647,2653,2653,2653,2653,2653,2653,2653,2653,2653,2653,2653,2653,2653,2653,2653,2653,2653,2653,2653,2653,2653,2653,2653,2653,2653,2653,2653,2653,2655,2655,2655,2655,2655,2655,2655,2655,2655,2655,2655,2655,2655,2655,2655,2655,2655,2655,2655,2655,2655,2655,2655,2655,2655,2655,2655,2655,2655,2655,2655,2655,2655,2655
S06-08_06-14,2202,2253,2253,2253,2253,2365,2365,2365,2365,2365,2365,2365,2365,2365,2365,2365,2365,2365,2365,2365,2365,2365,2365,2365,2365,2365,2365,2365,2365,2365,2365,2365,2365,2365,2365,2365,2365,2365,2365,2365,2365,2365,2365,2365,2365,2365,2365,2365,2365,2365,2365,2365,2365,2365,2365,2365,2365,2365,2365,2365,2365,2365,2365,2365,2365,2365,2365,2365,2365,2365,2365,2365,2365,2365,2365,2365,2365,2365,2365,2365,2365,2365,2365,2365,2365,2365,2365,2365,2365,2365,2365,2365,2365,2365,2365,2365,2365,2365,2365,2365,2365,2365,2365,2365,2365,2365,2365,2365,2365,2365,2365,2365,2365,2365,2365,2365,2365,2365,2365,2365,2365,2365,2365,2365,2365,2365,2365,2771,2771,2771,2771,2771,2771,2771,2771,2771,2786,2786,2786,2786,2786,2786,2786,2786,2786,2786,2786,2786,2786,2786,2786,2786,2786,2786,2786,2786,2786,2786,2786,2786,2786,2786,2786,2786,2788,2788,2788,2788,2788,2788,2788,2788,2788,2788,2788,2788,2788,2788,2788,2788,2788,2788,2788,2788,2788,2788,2788,2788,2788,2788,2788,2788,2788,2788,2788,2788,2788,2788
S06-15_06-21,2225,2343,2343,2343,2343,2449,2449,2449,2449,2449,2449,2449,2449,2449,2449,2449,2449,2449,2449,2449,2449,2449,2449,2449,2449,2449,2449,2449,2449,2449,2449,2449,2449,2449,2449,2449,2449,2449,2449,2449,2449,2449,2449,2449,2449,2449,2449,2449,2449,2449,2449,2449,2449,2449,2449,2449,2449,2449,2449,2449,2449,2449,2449,2449,2449,2449,2449,2449,2449,2449,2449,2449,2449,2449,2449,2449,2449,2449,2449,2449,2449,2449,2449,2449,2449,2449,2449,2449,2449,2449,2449,2449,2449,2449,2449,2449,2449,2449,2449,2449,2449,2449,2449,2449,2449,2449,2449,2449,2449,2449,2449,2449,2449,2449,2449,2449,2449,2449,2449,2449,2449,2449,2449,2449,2449,2449,2449,2993,2993,2993,2993,2993,2993,2993,2993,2993,3010,3010,3010,3010,3010,3010,3010,3010,3010,3010,3010,3010,3010,3010,3010,3010,3010,3010,3010,3010,3010,3010,3010,3010,3010,3010,3010,3010,3012,3012,3012,3012,3012,3012,3012,3013,3013,3013,3013,3013,3013,3013,3013,3013,3013,3013,3013,3013,3013,3013,3013,3013,3013,3013,3013,3013,3013,3013,3013,3013,3013,3013
S06-22_06-28,,,,,,2255,2255,2255,2255,2255,2255,2255,2255,2255,2255,2255,2255,2255,2255,2255,2255,2255,2255,2255,2255,2255,2255,2255,2255,2255,2255,2255,2255,2255,2255,2255,2255,2255,2255,2255,2255,2255,2255,2255,2255,2255,2255,2255,2255,2255,2255,2255,2255,2255,2255,2255,2255,2255,2255,2255,2255,2255,2255,2255,2255,2255,2255,2255,2255,2255,2255,2255,2255,2255,2255,2255,2255,2255,2255,2255,2255,2255,2255,2255,2255,2255,2255,2255,2255,2255,2255,2255,2255,2255,2255,2255,2255,2255,2255,2255,2255,2255,2255,2255,2255,2255,2255,2255,2255,2255,2255,2255,2255,2255,2255,2255,2255,2255,2255,2255,2255,2255,2255,2255,2255,2255,2255,2933,2933,2933,2933,2933,2933,2933,2933,2933,2964,2964,2964,2964,2964,2964,2964,2964,2964,2964,2964,2964,2964,2964,2963,2963,2963,2963,2963,2963,2963,2963,2963,2963,2963,2963,2963,2963,2967,2967,2967,2967,2967,2967,2967,2967,2967,2967,2967,2967,2967,2967,2967,2967,2967,2967,2967,2967,2967,2967,2967,2967,2967,2967,2967,2967,2967,2967,2967,2967,2967,2967
S06-29_07-05,,,,,,,,,,,,,2001,2001,2001,2001,2001,2001,2001,2001,2001,2001,2001,2001,2001,2001,2001,2001,2001,2001,2001,2001,2001,2001,2001,2001,2001,2001,2001,2001,2001,2001,2001,2001,2001,2001,2001,2001,2001,2001,2001,2001,2001,2001,2001,2001,2001,2001,2001,2001,2001,2001,2001,2001,2001,2001,2001,2001,2001,2001,2001,2001,2001,2001,2001,2001,2001,2001,2001,2001,2001,2001,2001,2001,2001,2001,2001,2001,2001,2001,2001,2001,2001,2001,2001,2001,2001,2001,2001,2001,2001,2001,2001,2001,2001,2001,2001,2001,2001,2001,2001,2001,2001,2001,2001,2001,2001,2001,2001,2001,2001,2001,2001,2001,2001,2001,2001,2522,2522,2525,2525,2525,2525,2525,2525,2525,2551,2551,2551,2551,2551,2551,2551,2551,2551,2551,2551,2551,2551,2551,2551,2551,2551,2551,2551,2551,2551,2551,2551,2551,2551,2551,2551,2551,2553,2553,2553,2553,2553,2553,2553,2553,2553,2553,2553,2553,2553,2553,2553,2553,2553,2553,2553,2553,2553,2553,2553,2553,2553,2553,2553,2553,2553,2553,2553,2553,2553,2553
S07-06_07-12,,,,,,,,,,,,,,,,,,1637,1637,1637,1637,1637,1637,1637,1637,1637,1637,1637,1637,1637,1637,1637,1637,1637,1637,1637,1637,1637,1637,1637,1637,1637,1637,1637,1637,1637,1637,1637,1637,1637,1637,1637,1637,1637,1637,1637,1637,1637,1637,1637,1637,1637,1637,1637,1637,1637,1637,1637,1637,1637,1637,1637,1637,1637,1637,1637,1637,1637,1637,1637,1637,1637,1637,1637,1637,1637,1637,1637,1637,1637,1637,1637,1637,1637,1637,1637,1637,1637,1637,1637,1637,1637,1637,1637,1637,1637,1637,1637,1637,1637,1637,1637,1637,1637,1637,1637,1637,1637,1637,1637,1637,1637,1637,1637,1637,1637,1637,2441,2441,2442,2442,2442,2442,2442,2442,2442,2472,2472,2472,2472,2472,2472,2472,2473,2473,2473,2473,2473,2473,2473,2473,2473,2473,2473,2473,2473,2473,2474,2474,2474,2474,2474,2474,2474,2474,2474,2474,2474,2474,2474,2474,2474,2474,2474,2474,2474,2474,2474,2474,2474,2474,2474,2474,2474,2474,2474,2474,2474,2474,2474,2474,2474,2474,2474,2474,2474,2474,2474
S07-13_07-20,,,,,,,,,,,,,,,,,,,,,,,,,,1628,1628,1628,1628,1628,1628,1628,1628,1628,1628,1628,1628,1628,1628,1628,1628,1628,1628,1628,1628,1628,1628,1628,1628,1628,1628,1628,1628,1628,1628,1628,1628,1628,1628,1628,1628,1628,1628,1628,1628,1628,1628,1628,1628,1628,1628,1628,1628,1628,1628,1628,1628,1628,1628,1628,1628,1628,1628,1628,1628,1628,1628,1628,1628,1628,1628,1628,1628,1628,1628,1628,1628,1628,1628,1628,1628,1628,1628,1628,1628,1628,1628,1628,1628,1628,1628,1628,1628,1628,1628,1628,1628,1628,1628,1628,1628,1628,1628,1628,1628,1628,1628,2107,2107,2112,2112,2112,2112,2112,2112,2112,2133,2133,2133,2133,2133,2133,2133,2134,2134,2134,2134,2134,2134,2134,2136,2136,2136,2136,2136,2136,2136,2136,2136,2136,2136,2136,2136,2136,2137,2137,2137,2137,2137,2137,2137,2137,2137,2137,2137,2137,2137,2137,2137,2137,2137,2137,2137,2137,2137,2137,2137,2137,2137,2137,2137,2137,2137,2137,2137,2137,2137,2137
S07-21_07-26,,,,,,,,,,,,,,,,,,,,,,,,,,,,,,,,1471,1471,1471,1471,1471,1471,1471,1471,1471,1471,1471,1471,1471,1471,1471,1471,1471,1471,1471,1471,1471,1471,1471,1471,1471,1471,1471,1471,1471,1471,1471,1471,1471,1471,1471,1471,1471,1471,1471,1471,1471,1471,1471,1471,1471,1471,1471,1471,1471,1471,1471,1471,1471,1471,1471,1471,1471,1471,1471,1471,1471,1471,1471,1471,1471,1471,1471,1471,1471,1471,1471,1471,1471,1471,1471,1471,1471,1471,1471,1471,1471,1471,1471,1471,1471,1471,1471,1471,1471,1471,1471,1471,1471,1471,1471,1471,1891,1891,1893,1893,1893,1893,1893,1893,1893,1900,1900,1900,1900,1900,1900,1900,1901,1901,1901,1901,1901,1901,1901,1901,1901,1901,1901,1901,1901,1901,1901,1901,1901,1901,1901,1901,1901,1904,1904,1904,1904,1904,1904,1904,1904,1904,1904,1904,1904,1904,1904,1904,1904,1904,1904,1904,1904,1904,1904,1904,1904,1904,1904,1904,1904,1904,1904,1904,1904,1904,1904
S07-27_08-02,,,,,,,,,,,,,,,,,,,,,,,,,,,,,,,,,,,,,,,1262,1262,1262,1262,1262,1262,1262,1262,1262,1262,1262,1262,1262,1262,1262,1262,1262,1262,1262,1262,1262,1262,1262,1262,1262,1262,1262,1262,1262,1262,1262,1262,1262,1262,1262,1262,1262,1262,1262,1262,1262,1262,1262,1262,1262,1262,1262,1262,1262,1262,1262,1262,1262,1262,1262,1262,1262,1262,1262,1262,1262,1262,1262,1262,1262,1262,1262,1262,1262,1262,1262,1262,1262,1262,1262,1262,1262,1262,1262,1262,1262,1262,1262,1262,1262,1262,1262,1262,1262,1618,1618,1619,1619,1619,1619,1619,1619,1619,1628,1628,1628,1628,1628,1628,1628,1630,1630,1630,1630,1630,1630,1630,1632,1632,1632,1632,1632,1632,1632,1632,1632,1632,1632,1632,1632,1632,1633,1633,1633,1633,1633,1633,1633,1633,1633,1633,1633,1633,1633,1633,1633,1633,1633,1633,1633,1633,1633,1633,1633,1633,1633,1633,1633,1633,1634,1634,1634,1634,1634,1634
S08-03_08-09,,,,,,,,,,,,,,,,,,,,,,,,,,,,,,,,,,,,,,,,,,,,,,976,976,976,976,976,976,976,976,976,976,976,976,976,976,976,976,976,976,976,976,976,976,976,976,976,976,976,976,976,976,976,976,976,976,976,976,976,976,976,976,976,976,976,976,976,976,976,976,976,976,976,976,976,976,976,976,976,976,976,976,976,976,976,976,976,976,976,976,976,976,976,976,976,976,976,976,976,976,976,976,976,976,1448,1448,1448,1448,1448,1448,1448,1448,1448,1460,1460,1460,1460,1460,1460,1460,1461,1461,1461,1461,1461,1461,1461,1465,1465,1465,1465,1465,1465,1465,1468,1468,1468,1468,1468,1468,1468,1472,1472,1472,1472,1472,1472,1472,1472,1472,1472,1472,1472,1472,1472,1475,1475,1475,1475,1475,1475,1475,1475,1475,1475,1475,1475,1475,1475,1475,1475,1475,1475,1475,1475
S08-10_08-16,,,,,,,,,,,,,,,,,,,,,,,,,,,,,,,,,,,,,,,,,,,,,,,,,,,,910,910,910,910,910,910,910,910,910,910,910,910,910,910,910,910,910,910,910,910,910,910,910,910,910,910,910,910,910,910,910,910,910,910,910,910,910,910,910,910,910,910,910,910,910,910,910,910,910,910,910,910,910,910,910,910,910,910,910,910,910,910,910,910,910,910,910,910,910,910,910,910,910,910,910,910,1305,1305,1305,1305,1305,1305,1305,1305,1305,1312,1312,1312,1312,1312,1312,1312,1313,1313,1313,1313,1313,1313,1313,1313,1313,1313,1313,1313,1313,1313,1313,1313,1313,1313,1313,1313,1313,1314,1314,1314,1314,1314,1314,1314,1316,1316,1316,1316,1316,1316,1316,1318,1318,1318,1318,1318,1318,1318,1318,1318,1318,1318,1318,1318,1318,1318,1318,1318,1318,1318,1318
S08-17_08-23,,,,,,,,,,,,,,,,,,,,,,,,,,,,,,,,,,,,,,,,,,,,,,,,,,,,,,,,,,,939,939,939,939,939,939,939,939,939,939,939,939,939,939,939,939,939,939,939,939,939,939,939,939,939,939,939,939,939,939,939,939,939,939,939,939,939,939,939,939,939,939,939,939,939,939,939,939,939,939,939,939,939,939,939,939,939,939,939,939,939,939,939,939,939,939,939,939,939,1286,1286,1286,1286,1286,1286,1286,1286,1286,1301,1301,1301,1301,1301,1301,1301,1301,1301,1301,1301,1301,1301,1301,1301,1301,1301,1301,1301,1301,1301,1302,1302,1302,1302,1302,1302,1302,1305,1305,1305,1305,1305,1305,1305,1305,1305,1305,1305,1305,1305,1305,1306,1306,1306,1306,1306,1306,1306,1306,1306,1306,1306,1306,1306,1306,1306,1306,1306,1306,1306,1306
S08-24_08-30,,,,,,,,,,,,,,,,,,,,,,,,,,,,,,,,,,,,,,,,,,,,,,,,,,,,,,,,,,,,,,,,,,796,796,796,796,796,796,796,796,796,796,796,796,796,796,796,796,796,796,796,796,796,796,796,796,796,796,796,796,796,796,796,796,796,796,796,796,796,796,796,796,796,796,796,796,796,796,796,796,796,796,796,796,796,796,796,796,796,796,796,796,796,796,1139,1139,1139,1139,1139,1139,1139,1139,1139,1145,1145,1145,1145,1145,1145,1145,1146,1146,1146,1146,1146,1146,1146,1148,1148,1148,1148,1148,1148,1148,1153,1153,1153,1153,1153,1153,1153,1155,1155,1155,1155,1155,1155,1155,1156,1156,1156,1156,1156,1156,1156,1157,1157,1157,1157,1157,1157,1157,1157,1157,1157,1157,1157,1157,1157,1157,1157,1157,1157,1157,1157
S08-31_09-06,,,,,,,,,,,,,,,,,,,,,,,,,,,,,,,,,,,,,,,,,,,,,,,,,,,,,,,,,,,,,,,,,,,,,,,,,772,772,772,772,772,772,772,772,772,772,772,772,772,772,772,772,772,772,772,772,772,772,772,772,772,772,772,772,772,772,772,772,772,772,772,772,772,772,772,772,772,772,772,772,772,772,772,772,772,772,772,772,772,772,772,1158,1158,1158,1158,1158,1158,1158,1158,1158,1169,1169,1169,1169,1169,1169,1169,1171,1171,1171,1171,1171,1171,1171,1172,1172,1172,1172,1172,1172,1172,1173,1173,1173,1173,1173,1173,1173,1173,1173,1173,1173,1173,1173,1173,1173,1173,1173,1173,1173,1173,1173,1175,1175,1175,1175,1175,1175,1175,1175,1175,1175,1175,1175,1175,1175,1176,1176,1176,1176,1176,1176
S09-07_09-13,,,,,,,,,,,,,,,,,,,,,,,,,,,,,,,,,,,,,,,,,,,,,,,,,,,,,,,,,,,,,,,,,,,,,,,,,,,,,,,,800,800,800,800,800,800,800,800,800,800,800,800,800,800,800,800,800,800,800,800,800,800,800,800,800,800,800,800,800,800,800,800,800,800,800,800,800,800,800,800,800,800,800,800,800,800,800,800,1118,1118,1118,1118,1118,1118,1118,1118,1118,1122,1122,1122,1122,1122,1122,1122,1125,1125,1125,1125,1125,1125,1125,1126,1126,1126,1126,1126,1126,1126,1128,1128,1128,1128,1128,1128,1128,1130,1130,1130,1130,1130,1130,1130,1130,1130,1130,1130,1130,1130,1130,1131,1131,1131,1131,1131,1131,1131,1131,1131,1131,1131,1131,1131,1131,1131,1131,1131,1131,1131,1131
S09-14_09-20,,,,,,,,,,,,,,,,,,,,,,,,,,,,,,,,,,,,,,,,,,,,,,,,,,,,,,,,,,,,,,,,,,,,,,,,,,,,,,,,,,,,,,,673,673,673,673,673,673,673,673,673,673,673,673,673,673,673,673,673,673,673,673,673,673,673,673,673,673,673,673,673,673,673,673,673,673,673,673,673,673,673,673,673,916,916,918,918,918,918,918,918,918,921,921,921,921,921,921,921,923,923,923,923,923,923,923,925,925,925,925,925,925,925,926,926,926,926,926,926,926,926,926,926,926,926,926,926,927,927,927,927,927,927,927,927,927,927,927,927,927,927,927,927,927,927,927,927,927,927,927,927,927,927,927
S09-21_09-27,,,,,,,,,,,,,,,,,,,,,,,,,,,,,,,,,,,,,,,,,,,,,,,,,,,,,,,,,,,,,,,,,,,,,,,,,,,,,,,,,,,,,,,,,,,,,,702,702,702,702,702,702,702,702,702,702,702,702,702,702,702,702,702,702,702,702,702,702,702,702,702,702,702,702,702,702,702,702,702,702,965,965,966,966,966,966,966,966,966,974,974,974,974,974,974,974,980,980,980,980,980,980,980,985,985,985,985,985,985,985,987,987,987,987,987,987,987,988,988,988,988,988,988,988,988,988,988,988,988,988,988,988,988,988,988,988,988,988,989,989,989,989,989,989,989,989,989,989,989,989,989
S09-28_10-04,,,,,,,,,,,,,,,,,,,,,,,,,,,,,,,,,,,,,,,,,,,,,,,,,,,,,,,,,,,,,,,,,,,,,,,,,,,,,,,,,,,,,,,,,,,,,,,,,,,,,,730,730,730,730,730,730,730,730,730,730,730,730,730,730,730,730,730,730,730,730,730,730,730,730,730,730,940,940,942,942,942,942,942,942,942,950,950,950,950,950,950,950,954,954,954,954,954,954,954,959,959,959,959,959,959,959,960,960,960,960,960,960,960,961,961,961,961,961,961,961,961,961,961,961,961,961,961,961,961,961,961,961,961,961,961,961,961,961,961,961,961,961,961,961,961,961,961
S10-05_10-11,,,,,,,,,,,,,,,,,,,,,,,,,,,,,,,,,,,,,,,,,,,,,,,,,,,,,,,,,,,,,,,,,,,,,,,,,,,,,,,,,,,,,,,,,,,,,,,,,,,,,,,,,,,,,651,651,651,651,651,651,651,651,651,651,651,651,651,651,651,651,651,651,651,895,895,909,909,909,909,909,909,909,917,917,917,917,917,917,917,923,923,923,923,923,923,923,929,929,929,929,929,929,929,935,935,935,935,935,935,935,937,937,937,937,937,937,937,938,938,938,938,938,938,938,938,938,938,938,938,938,938,940,940,940,940,940,940,940,940,940,940,940,940,940
S10-12_10-18,,,,,,,,,,,,,,,,,,,,,,,,,,,,,,,,,,,,,,,,,,,,,,,,,,,,,,,,,,,,,,,,,,,,,,,,,,,,,,,,,,,,,,,,,,,,,,,,,,,,,,,,,,,,,,,,,,,,555,555,555,555,555,555,555,555,555,555,555,555,795,795,802,802,802,802,802,802,802,810,810,810,810,810,810,810,821,821,821,821,821,821,821,824,824,824,824,824,824,824,825,825,825,825,825,825,825,831,831,831,831,831,831,831,832,832,832,832,832,832,832,832,832,832,832,832,832,832,832,832,832,832,832,832,832,832,832,832,832,832,832
S10-19_10-25,,,,,,,,,,,,,,,,,,,,,,,,,,,,,,,,,,,,,,,,,,,,,,,,,,,,,,,,,,,,,,,,,,,,,,,,,,,,,,,,,,,,,,,,,,,,,,,,,,,,,,,,,,,,,,,,,,,,,,,,,,,598,598,598,598,598,716,716,746,746,746,746,746,746,746,758,758,758,758,758,758,758,767,767,767,767,767,767,767,775,775,775,775,775,775,775,778,778,778,778,778,778,778,779,779,779,779,779,779,779,779,779,779,779,779,779,779,779,779,779,779,779,779,779,783,783,783,783,783,783,783,783,783,783,783,783,783
S10-26_11-01,,,,,,,,,,,,,,,,,,,,,,,,,,,,,,,,,,,,,,,,,,,,,,,,,,,,,,,,,,,,,,,,,,,,,,,,,,,,,,,,,,,,,,,,,,,,,,,,,,,,,,,,,,,,,,,,,,,,,,,,,,,,,,,,,,608,608,608,608,608,608,608,760,760,760,760,760,760,760,785,785,785,785,785,785,785,797,797,797,797,797,797,797,801,801,801,801,801,801,801,802,802,802,802,802,802,802,803,803,803,803,803,803,803,803,803,803,803,803,803,803,805,805,805,805,805,805,805,807,807,807,807,807,807
S11-02_11-08,,,,,,,,,,,,,,,,,,,,,,,,,,,,,,,,,,,,,,,,,,,,,,,,,,,,,,,,,,,,,,,,,,,,,,,,,,,,,,,,,,,,,,,,,,,,,,,,,,,,,,,,,,,,,,,,,,,,,,,,,,,,,,,,,,,,,,,,,545,545,545,545,545,545,545,659,659,659,659,659,659,659,685,685,685,685,685,685,685,697,697,697,697,697,697,697,702,702,702,702,702,702,702,702,702,702,702,702,702,702,702,702,702,702,702,702,702,703,703,703,703,703,703,703,708,708,708,708,708,708
S11-09_11-15,,,,,,,,,,,,,,,,,,,,,,,,,,,,,,,,,,,,,,,,,,,,,,,,,,,,,,,,,,,,,,,,,,,,,,,,,,,,,,,,,,,,,,,,,,,,,,,,,,,,,,,,,,,,,,,,,,,,,,,,,,,,,,,,,,,,,,,,,,,,,,,,543,543,543,543,543,543,543,689,689,689,689,689,689,689,708,708,708,708,708,708,708,718,718,718,718,718,718,718,718,718,718,718,718,718,718,720,720,720,720,720,720,720,720,720,720,720,720,720,720,722,722,722,722,722,722
S11-16_11-22,,,,,,,,,,,,,,,,,,,,,,,,,,,,,,,,,,,,,,,,,,,,,,,,,,,,,,,,,,,,,,,,,,,,,,,,,,,,,,,,,,,,,,,,,,,,,,,,,,,,,,,,,,,,,,,,,,,,,,,,,,,,,,,,,,,,,,,,,,,,,,,,,,,,,,,517,517,517,517,517,517,517,625,625,625,625,625,625,625,644,644,644,644,644,644,644,645,645,645,645,645,645,645,548,548,548,548,548,548,548,653,653,653,653,653,653,653,654,654,654,654,654,654
S11-23_11-29,,,,,,,,,,,,,,,,,,,,,,,,,,,,,,,,,,,,,,,,,,,,,,,,,,,,,,,,,,,,,,,,,,,,,,,,,,,,,,,,,,,,,,,,,,,,,,,,,,,,,,,,,,,,,,,,,,,,,,,,,,,,,,,,,,,,,,,,,,,,,,,,,,,,,,,,,,,,,,567,567,567,567,567,567,567,664,664,664,664,664,664,664,680,680,680,680,680,680,680,690,690,690,690,690,690,690,694,694,694,694,694,694,694,696,696,696,696,696,696
S11-30_12-06,,,,,,,,,,,,,,,,,,,,,,,,,,,,,,,,,,,,,,,,,,,,,,,,,,,,,,,,,,,,,,,,,,,,,,,,,,,,,,,,,,,,,,,,,,,,,,,,,,,,,,,,,,,,,,,,,,,,,,,,,,,,,,,,,,,,,,,,,,,,,,,,,,,,,,,,,,,,,,,,,,,,,542,542,542,542,542,542,542,633,633,633,633,633,633,633,647,647,647,647,647,647,647,658,658,658,658,658,658,658,667,667,667,667,667,667
S12-17_12-13,,,,,,,,,,,,,,,,,,,,,,,,,,,,,,,,,,,,,,,,,,,,,,,,,,,,,,,,,,,,,,,,,,,,,,,,,,,,,,,,,,,,,,,,,,,,,,,,,,,,,,,,,,,,,,,,,,,,,,,,,,,,,,,,,,,,,,,,,,,,,,,,,,,,,,,,,,,,,,,,,,,,,,,,,,,,505,505,505,505,505,505,505,616,616,616,616,616,616,616,637,637,637,637,637,637,637,639,639,639,639,639,639
S12-14_12-20,,,,,,,,,,,,,,,,,,,,,,,,,,,,,,,,,,,,,,,,,,,,,,,,,,,,,,,,,,,,,,,,,,,,,,,,,,,,,,,,,,,,,,,,,,,,,,,,,,,,,,,,,,,,,,,,,,,,,,,,,,,,,,,,,,,,,,,,,,,,,,,,,,,,,,,,,,,,,,,,,,,,,,,,,,,,,,,,,,,542,542,542,542,542,542,542,667,667,667,667,667,667,667,697,697,697,697,697,697
S12-21_12-27,,,,,,,,,,,,,,,,,,,,,,,,,,,,,,,,,,,,,,,,,,,,,,,,,,,,,,,,,,,,,,,,,,,,,,,,,,,,,,,,,,,,,,,,,,,,,,,,,,,,,,,,,,,,,,,,,,,,,,,,,,,,,,,,,,,,,,,,,,,,,,,,,,,,,,,,,,,,,,,,,,,,,,,,,,,,,,,,,,,,,,,,,,593,593,593,593,593,593,593,725,725,725,725,725,725
S12-28_01-03,,,,,,,,,,,,,,,,,,,,,,,,,,,,,,,,,,,,,,,,,,,,,,,,,,,,,,,,,,,,,,,,,,,,,,,,,,,,,,,,,,,,,,,,,,,,,,,,,,,,,,,,,,,,,,,,,,,,,,,,,,,,,,,,,,,,,,,,,,,,,,,,,,,,,,,,,,,,,,,,,,,,,,,,,,,,,,,,,,,,,,,,,,,,,,,,,526,526,526,526,526,526